DELETED FILES — executed 2026-08-25T09:28:24.420Z
Removed 378 files, freed 21.23 GB (source design files + non-curated/oversized video).
Kept: all code, config, certificates, profile photos, curated media, and all images (re-curation pool).

4619.8 MB	[video]	assets/projects/agnitra/gallery/agnitra/Agnitra Book Launch Press Covrage.mp4
1569.4 MB	[video]	assets/projects/agnitra/gallery/Pitru Paksh Puja/Pitru Paksh Puja post/RAW/VID20240917203445.mp4
1127.8 MB	[video]	assets/projects/agnitra/gallery/agnitra/Agnitra Book Launch Press Covrage (1).mp4
1009.5 MB	[video]	assets/projects/agnitra/gallery/Pitru Paksh Puja/Pitru Paksh Puja post/RAW/VID_20240918192411.mp4
751.6 MB	[video]	assets/projects/agnitra/gallery/Pitru Paksh Puja/Pitru Paksh Puja post/RAW/VID_20240918192543.mp4
572.4 MB	[video]	assets/projects/agnitra/gallery/Pitru Paksh Puja/Pitru Paksh Puja post/RAW/VID_20240918192658.mp4
457.7 MB	[video]	assets/projects/luxury-club/gallery/Post/usha uthup/Usha Uthup Performance.mp4
457.6 MB	[video]	assets/projects/agnitra/gallery/agnitra/Agnitra ONENESS Master Meet 2024.mp4
425.6 MB	[video]	assets/projects/agnitra/gallery/agnitra/Agnitra nakshatra 03.mp4
323.2 MB	[video]	assets/projects/luxury-club/gallery/Post/Madhavi - Pachegarh Trip.mp4
279.4 MB	[video]	assets/projects/agnitra/gallery/agnitra/Agnitra nakshatra 04.mp4
243.4 MB	[video]	assets/projects/agnitra/gallery/Janmashtami/इस जन्माष्टमी कैसे पाएं भगवान श्री कृष्ण की कृपा .mp4
225.3 MB	[video]	assets/projects/agnitra/gallery/agnitra/Agnitra Book Launch 01.mp4
202.8 MB	[video]	assets/projects/luxury-club/gallery/Post/Luxury - We started our day at Rashtrapati Bhawan.mp4
187.9 MB	[video]	assets/projects/agnitra/gallery/Janmashtami/क्या होता है चातुर्मास जानिए इसका महत्व और परंपराएँ.mp4
184.3 MB	[video]	assets/projects/agnitra/gallery/agnitra/Agnitra nakshatra 05.mp4
168.0 MB	[video]	assets/projects/luxury-club/gallery/Produce.MP4
153.8 MB	[video]	assets/projects/agnitra/gallery/Janmashtami/श्रीकृष्ण के मोर पंख का रहस्य दिव्यता की छिपी कहानी!.mp4
145.5 MB	[video]	assets/projects/luxury-club/gallery/Post/Luxury - Picchavai art works at Bikaner House.mp4
142.6 MB	[video]	assets/projects/agnitra/gallery/Janmashtami/भोग लगाते समय किन बातों का रखें विशेष ध्यान.mp4
136.7 MB	[video]	assets/projects/agnitra/gallery/Janmashtami/RAW/0828 (1).mp4
135.1 MB	[video]	assets/projects/luxury-club/gallery/Post/Luxury - Picchavai art works at Bikaner House full.mp4
128.1 MB	[video]	assets/projects/agnitra/gallery/Janmashtami/RAW/0828 (1)(2).mp4
127.7 MB	[video]	assets/projects/jgm/gallery/Dr. Khanda 03.mp4
125.6 MB	[video]	assets/projects/agnitra/gallery/Holi Mahotsav/Agnitra holi Video.mp4
123.7 MB	[video]	assets/projects/agnitra/gallery/Janmashtami/श्री कृष्णा की आरती जन्माष्टमी के पावन पल.mp4
119.8 MB	[video]	assets/projects/agnitra/gallery/परंपरा Astro Fest/ज्योतिष महा मेला.mp4
118.4 MB	[video]	assets/projects/luxury-club/gallery/Post/yoga reel mansi/2.mp4
117.3 MB	[video]	assets/projects/agnitra/gallery/Janmashtami/जन्माष्टमी मनाने के अनोखे तरीके.mp4
116.9 MB	[video]	assets/projects/agnitra/gallery/agnitra/Agnitra Nakshtra 2024 (02).mp4
114.6 MB	[video]	assets/projects/agnitra/gallery/Janmashtami/श्री कृष्णा की आरती जन्माष्टमी के पावन पल with script.mp4
107.6 MB	[video]	assets/projects/jgm/gallery/Dr. Sumit 01.mp4
107.5 MB	[video]	assets/projects/luxury-club/gallery/Pooja nigam Exhibition/Luxury Pooja nigam Exhibition .mp4
98.9 MB	[video]	assets/projects/agnitra/gallery/Janmashtami/RAW/0828(1).mp4
97.8 MB	[video]	assets/projects/agnitra/gallery/Navratri 2024/कैसे पाएं पितृ दोष से मुक्ति, जानें आसान उपाय.mp4
88.1 MB	[video]	assets/projects/agnitra/gallery/परंपरा Astro Fest/ज्योतिष महा मेला (Mobile Video) full.mp4
87.4 MB	[source]	assets/projects/agnitra/gallery/Agnitra Website/New Updated Banner/Web banner book.psd
85.1 MB	[video]	assets/projects/luxury-club/gallery/Post/Luxury - an august gathering of ambassadors at Gandhi Smriti. A beautifully organized and memorable occasion! .mp4
84.2 MB	[video]	assets/projects/luxury-club/gallery/Post/Highlights 01.mp4
83.4 MB	[video]	assets/projects/agnitra/gallery/Janmashtami/भगवान श्रीकृष्ण और तंत्र का रहस्य दिव्य शक्ति का अद्वितीय प्रयोग.mp4
83.0 MB	[video]	assets/projects/agnitra/gallery/Janmashtami/RAW/0829.mp4
77.7 MB	[video]	assets/projects/agnitra/gallery/Janmashtami/RAW/0828 (1)(3).mp4
77.0 MB	[video]	assets/projects/suprams/gallery/Teq Blog/Teq Blog - Top 5 Laptops For programers.mp4
76.5 MB	[source]	assets/projects/agnitra/gallery/Navratri 2024/Online Navaratri Sadhana 08 Oct - 12 Oct 2024 03.ai
75.4 MB	[video]	assets/projects/agnitra/gallery/agnitra/Agnitra holika.mp4
74.0 MB	[video]	assets/projects/luxury-club/gallery/Post/Car Rally/Luxury Car Rally.mp4
72.7 MB	[video]	assets/projects/agnitra/gallery/agnitra/Agnitra holi 03.mp4
72.3 MB	[video]	assets/projects/agnitra/gallery/Janmashtami/RAW/0828 (1)(1).mp4
70.4 MB	[source]	assets/projects/luxury-club/gallery/April News Letter/Womennovator - We Pitch Photos/Luxury - Womanovator.zip
70.4 MB	[source]	assets/projects/luxury-club/gallery/Post/Womennovator - We Pitch Photos/Luxury - Womanovator.zip
69.6 MB	[video]	assets/projects/luxury-club/gallery/September Newsletter content/Ramola bachhan hightea party - highlights.mp4
64.1 MB	[source]	assets/projects/agnitra/gallery/Agnitra Website/New Updated Banner/Web banner Contact.psd
63.4 MB	[source]	assets/projects/agnitra/gallery/Agnitra Website/Web banners.psd
61.6 MB	[source]	assets/projects/agnitra/gallery/Janmashtami/Janmashtami 01.eps
61.0 MB	[video]	assets/projects/agnitra/gallery/Janmashtami/_Janmashtami Podcast.mp4
60.3 MB	[video]	assets/projects/agnitra/gallery/परंपरा Astro Fest/ज्योतिष महा मेला (Mobile Video) full (Mobile Video).mp4
60.0 MB	[video]	assets/projects/agnitra/gallery/agnitra/Agnitra Rudra Se Milap Reel Interview (1).mp4
60.0 MB	[video]	assets/projects/agnitra/gallery/agnitra/Agnitra Rudra Se Milap Reel Interview.mp4
59.9 MB	[source]	assets/projects/agnitra/gallery/Janmashtami/Janmashtami 02.eps
59.7 MB	[video]	assets/projects/suprams/gallery/Suprams Cinematic trailer-1.mp4
59.6 MB	[video]	assets/projects/agnitra/gallery/agnitra/Agnitra holi Podcast 02 (1).mp4
59.0 MB	[video]	assets/projects/suprams/gallery/Suprams Post/Veeam Backup Essentials.mp4
57.2 MB	[source]	assets/projects/agnitra/gallery/Janmashtami/Janmashtami 04.psd
55.0 MB	[source]	assets/projects/agnitra/gallery/Agnitra Website/New Updated Banner/Web banner cunsultation.psd
54.3 MB	[video]	assets/projects/luxury-club/gallery/LUXURY PPT NEW.mp4
53.9 MB	[video]	assets/projects/agnitra/gallery/agnitra/Agnitra Nakshtra 2024.mp4
53.3 MB	[video]	assets/projects/agnitra/gallery/Janmashtami/पंचामृत बनाने का सटिक तरीका  जानिए सही विधि.mp4
51.8 MB	[video]	assets/projects/luxury-club/gallery/Post/Yoga reel Mansi Gulati YT.mp4
51.2 MB	[video]	assets/projects/luxury-club/gallery/Post/Luxury - The Golden Krishna - Dubai.mp4
50.7 MB	[video]	assets/projects/agnitra/gallery/agnitra/Agnitra Holi - Made with Clipchamp.mp4
50.7 MB	[source]	assets/projects/agnitra/gallery/Agnitra Website/photo slide.psd
50.2 MB	[video]	assets/projects/luxury-club/gallery/September Newsletter content/Luxury Ramola Bachhan speech.mp4
50.0 MB	[video]	assets/projects/agnitra/gallery/Holi Mahotsav/Agnitra holi glimps.mp4
49.6 MB	[video]	assets/projects/agnitra/gallery/June/vat savitri ke upay.mp4
49.1 MB	[source]	assets/projects/agnitra/gallery/Agnitra Website/New Updated Banner/Web banner Kundali.psd
48.5 MB	[source]	assets/projects/agnitra/gallery/Chaitra Navratri/Chaitra Navratri.psd
48.4 MB	[video]	assets/projects/agnitra/gallery/Pitru Paksh Puja/Pitru Paksh Puja post/कैसे पाएं पितृ दोष से मुक्ति, जानें आसान उपाय.mp4
48.4 MB	[video]	assets/projects/luxury-club/gallery/Post/yoga reel mansi/1.mp4
47.8 MB	[video]	assets/projects/agnitra/gallery/परंपरा Astro Fest/ज्योतिष महा मेला (AD).mp4
47.0 MB	[video]	assets/projects/agnitra/gallery/agnitra/Agnitra Holi 04.mp4
45.9 MB	[video]	assets/projects/jgm/gallery/JGM Independence Day.mp4
43.7 MB	[video]	assets/projects/suprams/gallery/Suprams Gaming Setup.mp4
43.2 MB	[source]	assets/projects/suprams/gallery/Acronis/Acronis Cyber Protect Cloud/Acronis Cyber Protect Cloud.psd
42.7 MB	[video]	assets/projects/agnitra/gallery/agnitra/Agnitra holi 02.mp4
42.5 MB	[video]	assets/projects/agnitra/gallery/Navratri 2024/इस नवरात्रि करें विशेष उपाय कि हो जीवन में उन्नति for ad run.mp4
41.7 MB	[video]	assets/projects/agnitra/gallery/Navratri 2024/इस नवरात्रि करें विशेष उपाय कि हो जीवन में उन्नति.mp4
41.3 MB	[video]	assets/projects/jgm/gallery/Dr. Ruchi Post 02.mp4
41.2 MB	[video]	assets/projects/agnitra/gallery/agnitra/Agnitra Rudra Se Milap Reel Glimpse.mp4
41.0 MB	[video]	assets/projects/agnitra/gallery/agnitra/Agnitra Holi 03 (1) (online-video-cutter.com) (1).mp4
39.7 MB	[video]	assets/projects/agnitra/gallery/agnitra/Agnitra Book Launch 07.mp4
39.4 MB	[video]	assets/projects/agnitra/gallery/Pitru Paksh Puja/Pitru Paksh Puja post/पितृपक्ष में चंद्र ग्रहण - कब और कैसे करें पितरों की पूजा .mp4
39.3 MB	[video]	assets/projects/agnitra/gallery/agnitra/Agnitra Book Launch 05.mp4
38.5 MB	[video]	assets/projects/agnitra/gallery/agnitra/Agnitra Book Launch 06.mp4
38.4 MB	[source]	assets/projects/agnitra/gallery/Janmashtami/Janmashtami 05.psd
38.2 MB	[video]	assets/projects/luxury-club/gallery/Post/Luxury Meet & Greet - July.mp4
37.9 MB	[source]	assets/projects/agnitra/gallery/Janmashtami/Janmashtami 03.eps
37.0 MB	[video]	assets/projects/luxury-club/gallery/Post/FLO EVENT/WhatsApp Video 2024-03-28 at 6.44.47 PM.mp4
36.8 MB	[video]	assets/projects/suprams/gallery/Suprams Post/Sophos Cyber Security.mp4
36.8 MB	[video]	assets/projects/agnitra/gallery/agnitra/Agnitra holi 01.mp4
36.1 MB	[video]	assets/projects/suprams/gallery/Acronis Backup.mp4
35.6 MB	[video]	assets/projects/jgm/gallery/JGM Post 04.mp4
35.2 MB	[video]	assets/projects/agnitra/gallery/Pitru Paksh Puja/Pitru Paksh Puja post/क्या श्राद्ध करना सिर्फ पुत्र का ही अधिकार है-1.mp4
35.2 MB	[video]	assets/projects/agnitra/gallery/Janmashtami/RAW/0828 (1)(4).mp4
34.2 MB	[video]	assets/projects/luxury-club/gallery/Post/Luxury Club Meet & Greet and Networking event june.mp4
34.0 MB	[video]	assets/projects/luxury-club/gallery/Post/Luxury - Delhi Times Fashion Week.mp4
32.9 MB	[video]	assets/projects/agnitra/gallery/agnitra/Agnitra Nakshtra 2024 interview 01.mp4
32.9 MB	[video]	assets/projects/agnitra/gallery/agnitra/Agnitra banner 05.mp4
32.8 MB	[video]	assets/projects/agnitra/gallery/agnitra/Agnitra Rudra Se Milap Reel Interview 02 (4).mp4
32.2 MB	[video]	assets/projects/agnitra/gallery/agnitra/Agnitra Holi 03 (1).mp4
32.1 MB	[video]	assets/projects/agnitra/gallery/Janmashtami/Agyat Rahashya 37.mp4
31.7 MB	[video]	assets/projects/jgm/gallery/JGM Post 02.mp4
31.6 MB	[video]	assets/projects/luxury-club/gallery/Post/Luxury Special invite by former Miss India Anjanna Kuttialaji 👑.mp4
31.5 MB	[source]	assets/projects/agnitra/gallery/Agnitra Website/Home/Agnitra Home Awards.zip
30.7 MB	[video]	assets/projects/agnitra/gallery/agnitra/Agnitra Book Launch 08.mp4
30.4 MB	[video]	assets/projects/luxury-club/gallery/Post/Yoga reel Mansi Gulati.mp4
30.2 MB	[source]	assets/projects/agnitra/gallery/Chaitra Navratri/Chaitra Navratri wishes Web banners.psd
30.1 MB	[video]	assets/projects/agnitra/gallery/agnitra/Rudra Se Milap _ Dr. Ganesh Dubey _ Agnitra Foundation _ Delhi (1).mp4
30.1 MB	[video]	assets/projects/agnitra/gallery/agnitra/Rudra Se Milap _ Dr. Ganesh Dubey _ Agnitra Foundation _ Delhi.mp4
29.9 MB	[video]	assets/projects/agnitra/gallery/agnitra/Agnitra Rudra Se Milap Reel Interview 02 (2).mp4
29.6 MB	[video]	assets/projects/luxury-club/gallery/April News Letter/Womennovator - We Pitch Photos/Luxury - Womanovator/Luxury - Womanovator (Facebook Video).mp4
29.5 MB	[video]	assets/projects/agnitra/gallery/Navratri 2024/भक्ति से भरा नवरात्रि का आगमन!.mp4
27.6 MB	[source]	assets/projects/agnitra/gallery/Navratri 2024/Online Navaratri Sadhana 08 Oct - 12 Oct 2024.psd
27.2 MB	[video]	assets/projects/luxury-club/gallery/Luxury Reel By CC Garapa.mp4
27.1 MB	[video]	assets/projects/agnitra/gallery/agnitra/Agnitra Book Launch 03.mp4
27.0 MB	[video]	assets/projects/jgm/gallery/Dr. Ruchi 01.mp4
26.7 MB	[source]	assets/projects/suprams/gallery/Acronis/Acronis Microsoft 365 Backup independence day.psd
26.6 MB	[video]	assets/projects/agnitra/gallery/agnitra/Agnitra holi Podcast 02.mp4
26.5 MB	[video]	assets/projects/agnitra/gallery/Janmashtami/RAW/0828 (1)(5).mp4
26.3 MB	[video]	assets/projects/luxury-club/gallery/Post/Luxury - Times Fashion Week, Delhi Times ✨.mp4
26.0 MB	[video]	assets/projects/agnitra/gallery/Navratri 2024/विजयादशमी.mp4
25.8 MB	[video]	assets/projects/agnitra/gallery/Chaitra Navratri/Glimps of Navratri Classes.mp4
25.7 MB	[video]	assets/projects/luxury-club/gallery/May Newsletter/Luxury Newsletter May Video.mp4
25.2 MB	[video]	assets/projects/luxury-club/gallery/Post/Luxury - The Heeramandi jewellery collection is absolutely stunning 😍.mp4
25.0 MB	[video]	assets/projects/luxury-club/gallery/Post/Luxury - I was honored to attend Miss Asiatic 2024!.mp4
24.6 MB	[video]	assets/projects/agnitra/gallery/agnitra/Agnitra Podcast.mp4
24.3 MB	[video]	assets/projects/agnitra/gallery/agnitra/Agnitra Podcast (1).mp4
23.7 MB	[video]	assets/projects/agnitra/gallery/agnitra/Agnitra banner 03.mp4
23.7 MB	[video]	assets/projects/agnitra/gallery/agnitra/Agnitra Nakshtra 2024 interview 02.mp4
23.7 MB	[source]	assets/projects/agnitra/gallery/Pitru Paksh Puja/Pitru Paksh Puja post/thumbnail.psd
23.3 MB	[video]	assets/projects/luxury-club/gallery/Post/usha uthup/WhatsApp Video 2024-04-04 at 10.10.20 AM.mp4
23.2 MB	[video]	assets/projects/agnitra/gallery/agnitra/Agnitra Rudra Se Milap Reel 03.mp4
23.1 MB	[video]	assets/projects/agnitra/gallery/Navratri 2024/माता चंद्रघंटा.mp4
22.9 MB	[video]	assets/projects/agnitra/gallery/agnitra/Agnitra banner 03 (1).mp4
22.6 MB	[video]	assets/projects/agnitra/gallery/agnitra/Agnitra Rudra Se Milap Reel Interview 02.mp4
22.4 MB	[source]	assets/projects/agnitra/gallery/परंपरा Astro Fest/Astro temp.psd
22.3 MB	[video]	assets/projects/suprams/gallery/Suprams Post/Suprams Info Solutions Make Believe.mp4
22.1 MB	[video]	assets/projects/agnitra/gallery/agnitra/Agnitra Holi 02-1.mp4
22.1 MB	[video]	assets/projects/agnitra/gallery/agnitra/Agnitra Rudra Se Milap Reel 05.mp4
22.1 MB	[video]	assets/projects/agnitra/gallery/परंपरा Astro Fest/ज्योतिष महा मेला (Mobile Video).mp4
21.5 MB	[video]	assets/projects/agnitra/gallery/Navratri 2024/माता कूष्मांडा.mp4
21.5 MB	[video]	assets/projects/suprams/gallery/Suprams Post/Sophos Synchronized Security .mp4
21.3 MB	[video]	assets/projects/agnitra/gallery/agnitra/Agnitra banner 01.mp4
21.2 MB	[video]	assets/projects/agnitra/gallery/Navratri 2024/माता शैलपुत्री.mp4
20.6 MB	[video]	assets/projects/agnitra/gallery/Navratri 2024/प्रसाद में छिपा माँ का आशीर्वाद!.mp4
20.2 MB	[video]	assets/projects/agnitra/gallery/Janmashtami/Agyat Rahashya 39.mp4
19.6 MB	[video]	assets/projects/agnitra/gallery/Navratri 2024/माता सिद्धिदात्री.mp4
19.5 MB	[video]	assets/projects/agnitra/gallery/agnitra/Agnitra Book Launch 02.mp4
19.4 MB	[video]	assets/projects/agnitra/gallery/Navratri 2024/माता कात्यायनी.mp4
19.1 MB	[video]	assets/projects/agnitra/gallery/agnitra/Agnitra Rudra Se milap Reel 01.mp4
18.6 MB	[video]	assets/projects/luxury-club/gallery/April News Letter/Luxury Club April Newsletter.mp4
18.6 MB	[video]	assets/projects/agnitra/gallery/agnitra/Agnitra Rudra Se Milap Reel 03 (1).mp4
18.6 MB	[video]	assets/projects/agnitra/gallery/agnitra/Agnitra Rudra Se milap Reel 01 (1).mp4
18.5 MB	[video]	assets/projects/agnitra/gallery/Navratri 2024/माता स्कंदमाता .mp4
18.3 MB	[video]	assets/projects/agnitra/gallery/Navratri 2024/माता महागौरी.mp4
18.2 MB	[video]	assets/projects/luxury-club/gallery/June Newsletter/Luxury Newsletter June 2024 video.mp4
18.1 MB	[video]	assets/projects/agnitra/gallery/agnitra/Agnitra Rudra Se Milap Reel 04.mp4
17.9 MB	[source]	assets/projects/agnitra/gallery/Pitru Paksh Puja/Pitru Paksh Puja post/Pitru Paksh Puja 18-30 september Google forms 1600x400.psd
17.9 MB	[video]	assets/projects/agnitra/gallery/Navratri 2024/माता ब्रह्मचारिणी.mp4
17.8 MB	[video]	assets/projects/agnitra/gallery/Navratri 2024/माता कालरात्रि .mp4
17.8 MB	[video]	assets/projects/agnitra/gallery/agnitra/Agnitra Nakshtra 2024 Glipms 01.mp4
17.6 MB	[video]	assets/projects/agnitra/gallery/agnitra/Agnitra Nakshtra 2024 interview 03.mp4
17.4 MB	[video]	assets/projects/agnitra/gallery/agnitra/Agnitra banner 04.mp4
17.2 MB	[video]	assets/projects/luxury-club/gallery/Luxury Club Video jan newsletter.mp4
17.1 MB	[video]	assets/projects/jgm/gallery/JGM Post 03.mp4
17.0 MB	[source]	assets/projects/agnitra/gallery/Chaitra Navratri/Navratri Day - 07.psd
16.8 MB	[video]	assets/projects/agnitra/gallery/agnitra/Agnitra Rudra Se Milap Reel Interview 02 (3).mp4
16.8 MB	[video]	assets/projects/agnitra/gallery/agnitra/Agnitra holi Podcast (Facebook Video).mp4
16.6 MB	[video]	assets/projects/agnitra/gallery/agnitra/Agnitra Rudra Se Milap Reel Interview 02 (1).mp4
16.4 MB	[video]	assets/projects/agnitra/gallery/Janmashtami/Agyat Rahashya 36.mp4
16.4 MB	[video]	assets/projects/luxury-club/gallery/Post/usha uthup/WhatsApp Video 2024-04-04 at 10.10.20 AM (3).mp4
16.2 MB	[video]	assets/projects/agnitra/gallery/agnitra/Agnitra Rudra Se Milap Reel 06.mp4
16.1 MB	[video]	assets/projects/suprams/gallery/Acronis/OneDrive_1_6-12-2024/Secure Your Digital World Today _ Acronis Cyber Protect.mp4
15.4 MB	[video]	assets/projects/agnitra/gallery/Agnitra Website/Agnitra banner video.mp4
15.2 MB	[video]	assets/projects/agnitra/gallery/agnitra/Agnitra Book Launch 04.mp4
15.1 MB	[video]	assets/projects/agnitra/gallery/Janmashtami/Agyat Rahashya 38.mp4
15.0 MB	[source]	assets/projects/agnitra/gallery/JANUARY/26 January.psd
15.0 MB	[video]	assets/projects/luxury-club/gallery/Luxury PPT.mp4
14.9 MB	[source]	assets/projects/agnitra/gallery/Chaitra Navratri/Navratri Blog.zip
14.8 MB	[video]	assets/projects/agnitra/gallery/agnitra/Agnitra Rudra Se milap Reel 02.mp4
14.7 MB	[video]	assets/projects/luxury-club/gallery/Post/Luxury - Tiny Tales India.mp4
14.5 MB	[video]	assets/projects/luxury-club/gallery/Post/usha uthup/WhatsApp Video 2024-04-04 at 10.10.20 AM (1).mp4
14.5 MB	[video]	assets/projects/agnitra/gallery/agnitra/Agnitra Rudra Se milap Reel 02 (2).mp4
14.4 MB	[video]	assets/projects/agnitra/gallery/agnitra/Agnitra banner 02.mp4
14.3 MB	[video]	assets/projects/agnitra/gallery/Janmashtami/Agyat Rahashya 35.mp4
14.3 MB	[video]	assets/projects/agnitra/gallery/agnitra/Agnitra Rudra Se milap Reel 02 (1).mp4
14.1 MB	[video]	assets/projects/luxury-club/gallery/September Newsletter content/Luxury Newsletter september.mp4
14.1 MB	[video]	assets/projects/agnitra/gallery/Pitru Paksh Puja/Pitru Paksh Puja post/पितरों का आशीर्वाद पाने का सही तरीका.mp4
14.0 MB	[video]	assets/projects/luxury-club/gallery/Agusut Newsletter/Luxury Newsletter August Video.mp4
13.9 MB	[video]	assets/projects/agnitra/gallery/agnitra/Agnitra Foundation Intro (1).mp4
13.9 MB	[video]	assets/projects/agnitra/gallery/agnitra/Agnitra Foundation Intro.mp4
13.6 MB	[video]	assets/projects/agnitra/gallery/Pitru Paksh Puja/Pitru Paksh Puja post/श्राद्ध करने का सही समय - पाएं पितरों का आशीर्वाद!.mp4
13.4 MB	[video]	assets/projects/luxury-club/gallery/Post/Luxury - Sawadhee Traditional Thai Spa, Vasant Kunj.mp4
13.4 MB	[video]	assets/projects/suprams/gallery/Acronis/OneDrive_1_6-12-2024/Mastering Acronis Cyber Protect Marketing Content!.mp4
13.3 MB	[source]	assets/projects/agnitra/gallery/Navratri 2024/Online Navaratri Sadhana 08 Oct - 12 Oct 2024 02.psd
13.3 MB	[video]	assets/projects/agnitra/gallery/Janmashtami/Agyat Rahashya 40.mp4
13.3 MB	[video]	assets/projects/agnitra/gallery/Pitru Paksh Puja/Pitru Paksh Puja post/क्या करें दान, की पितृ पक्ष हो जाये शुभ ही शुभ !!.mp4
13.0 MB	[video]	assets/projects/agnitra/gallery/Pitru Paksh Puja/Pitru Paksh Puja post/क्या श्राद्ध करना इतना जरूरी है.mp4
12.8 MB	[video]	assets/projects/agnitra/gallery/agnitra/Agnitra Nakshtra Glimps reel.mp4
12.7 MB	[video]	assets/projects/matrika/gallery/Matrika Vastu 03.mp4
12.7 MB	[video]	assets/projects/suprams/gallery/Acronis/Acronis 01.mp4
12.6 MB	[video]	assets/projects/suprams/gallery/Acronis/Acronis 02.mp4
12.3 MB	[video]	assets/projects/agnitra/gallery/Pitru Paksh Puja/Pitru Paksh Puja post/क्यों करते हैं तर्पण.mp4
12.2 MB	[source]	assets/projects/suprams/gallery/Acronis/Acronis post N2.psd
11.9 MB	[source]	assets/projects/agnitra/gallery/Chaitra Navratri/Navratri Day - 01.psd
11.8 MB	[video]	assets/projects/luxury-club/gallery/Post/Luxury - Premium invite with VIP's, dignitaries, and ambassadors 🎩.mp4
11.8 MB	[video]	assets/projects/matrika/gallery/Matrika Vastu 07.mp4
11.6 MB	[source]	assets/projects/agnitra/gallery/March/holika dahan.psd
11.5 MB	[video]	assets/projects/luxury-club/gallery/March News Letter/Luxury Newsletter March video.mp4
11.2 MB	[source]	assets/projects/agnitra/gallery/Agnitra Website/Galary 01.psd
11.2 MB	[video]	assets/projects/luxury-club/gallery/July Newsletter/Luxury Newsletter July Video.mp4
11.1 MB	[video]	assets/projects/matrika/gallery/Matrika Vastu 04.mp4
11.1 MB	[video]	assets/projects/agnitra/gallery/Pitru Paksh Puja/Pitru Paksh Puja post/जानिए पितृ दोष क्या है और क्यों लगता है .mp4
11.0 MB	[source]	assets/projects/agnitra/gallery/March/Holi in vrindavan.psd
10.7 MB	[video]	assets/projects/suprams/gallery/Suprams Post/Suprams Graphic Services.mp4
10.7 MB	[video]	assets/projects/luxury-club/gallery/Post/Rang Saree/0514.mp4
10.6 MB	[video]	assets/projects/agnitra/gallery/Pitru Paksh Puja/Pitru Paksh Puja post/Pitra havan.mp4
10.6 MB	[video]	assets/projects/suprams/gallery/Acronis/Acronis 02 (1).mp4
10.6 MB	[video]	assets/projects/matrika/gallery/Matrika Vastu 03 (1).mp4
10.6 MB	[video]	assets/projects/suprams/gallery/Acronis/OneDrive_1_6-12-2024/Unlock the Power of Suprams Services!.mp4
10.5 MB	[source]	assets/projects/agnitra/gallery/Pitru Paksh Puja/Pitru Paksh Puja post/Pitru Paksh Puja 18-30 september.psd
10.3 MB	[source]	assets/projects/agnitra/gallery/Chaitra Navratri/Chaitra Navratri Web banners.psd
10.2 MB	[source]	assets/projects/luxury-club/gallery/Post/New Patron/Anup Jalota.psd
9.6 MB	[video]	assets/projects/luxury-club/gallery/Post/Rang Saree/Rang Saree.mp4
9.5 MB	[source]	assets/projects/agnitra/gallery/Chaitra Navratri/Navratri Day - 04.psd
9.0 MB	[video]	assets/projects/luxury-club/gallery/Post/The Unstoppable Madhavi Advani The Essence of Luxury Luxury and elegance are second nature to Madhavi Advani - whose love for the finer things in life translated into an enriching and exciting pro.mp4
8.9 MB	[video]	assets/projects/suprams/gallery/Acronis/OneDrive_1_6-12-2024/Unlock Exclusive Reseller Benefits with Acronis!.mp4
8.8 MB	[video]	assets/projects/luxury-club/gallery/Post/Luxury - Happy birthday, Annu Jaini! 🎉.mp4
8.7 MB	[source]	assets/projects/suprams/gallery/Partner LOGO/vultr-all-assets/vultr-banners.zip
8.7 MB	[source]	assets/projects/agnitra/gallery/March/Happy Maha Shivratri.psd
8.6 MB	[video]	assets/projects/suprams/gallery/Acronis/Acronis 02 (2).mp4
8.2 MB	[source]	assets/projects/agnitra/gallery/Pitru Paksh Puja/Pitru Paksh Puja post/Pitru Paksh Puja 18-30 september 03.psd
8.2 MB	[source]	assets/projects/agnitra/gallery/Pitru Paksh Puja/Pitru Paksh Puja post/Pitru Paksh Puja 18-30 september 04.psd
7.9 MB	[source]	assets/projects/agnitra/gallery/Pitru Paksh Puja/Pitru Paksh Puja post/Pitru Paksh Puja 18-30 september 06.psd
7.8 MB	[source]	assets/projects/agnitra/gallery/Pitru Paksh Puja/Pitru Paksh Puja post/Pitru Paksh Puja 18-30 september 02.psd
7.6 MB	[source]	assets/projects/agnitra/gallery/Pitru Paksh Puja/Pitru Paksh Puja post/Pitru Paksh Puja 18-30 september 10.psd
7.5 MB	[source]	assets/projects/agnitra/gallery/Agnitra Website/New Updated Banner/bagalamukhi puja.psd
7.5 MB	[source]	assets/projects/agnitra/gallery/Pitru Paksh Puja/Pitru Paksh Puja post/Pitru Paksh Puja 18-30 september 07.psd
7.4 MB	[source]	assets/projects/suprams/gallery/Live in Hotel_website/live in new year.psd
7.4 MB	[video]	assets/projects/agnitra/gallery/Pitru Paksh Puja/Pitru Paksh Puja post/क्यों करते हैं तर्पण .mp4
7.3 MB	[source]	assets/projects/agnitra/gallery/Pitru Paksh Puja/Pitru Paksh Puja post/Pitru Paksh Puja 18-30 september 05.psd
7.2 MB	[source]	assets/projects/agnitra/gallery/Chaitra Navratri/Navratri Day - 06.psd
7.2 MB	[source]	assets/projects/agnitra/gallery/Chaitra Navratri/Navratri Day - 05.psd
7.1 MB	[source]	assets/projects/agnitra/gallery/Chaitra Navratri/Chaitra Navratri Colour.psd
7.1 MB	[video]	assets/projects/agnitra/gallery/Agnitra - Astrofest.mp4
7.1 MB	[video]	assets/projects/agnitra/gallery/परंपरा Astro Fest/Agnitra - Astrofest.mp4
7.0 MB	[source]	assets/projects/agnitra/gallery/Agnitra Sacred Healing Mastery Program/Sacred Healing Mastery Program 26-28 aprile.psd
6.9 MB	[video]	assets/projects/agnitra/gallery/Pitru Paksh Puja/Pitru Paksh Puja post/कैसे दिलाएं पूर्वजों को शांति.mp4
6.7 MB	[source]	assets/projects/agnitra/gallery/Pitru Paksh Puja/Pitru Paksh Puja post/Pitru Paksh Puja 18-30 september 09.psd
6.7 MB	[video]	assets/projects/agnitra/gallery/agnitra/Agnitra Rudra Se Milap Reel 07.mp4
6.6 MB	[source]	assets/projects/agnitra/gallery/Agnitra Website/Home/Product Mockup.psd
6.6 MB	[source]	assets/projects/agnitra/gallery/Pitru Paksh Puja/Pitru Paksh Puja post/Blog 06.psd
6.6 MB	[video]	assets/projects/luxury-club/gallery/Post/Luxury - Had a great time at FICCI FLO's event last night!.mp4
6.4 MB	[source]	assets/projects/agnitra/gallery/Pitru Paksh Puja/Pitru Paksh Puja post/pitra paksha puja & sadhana banner.psd
6.4 MB	[video]	assets/projects/suprams/gallery/Acronis/Acronis - Uh oh. Crash! (Hindi).mp4
6.1 MB	[video]	assets/projects/suprams/gallery/Acronis/Become A Partner Today!.mp4
6.0 MB	[video]	assets/projects/agnitra/gallery/Pitru Paksh Puja/Pitru Paksh Puja post/क्या करें पितरों को अर्पण.mp4
5.9 MB	[source]	assets/projects/suprams/gallery/Acronis/Acronis Microsoft 365 Backup/MIcrosoft 365 backup.psd
5.9 MB	[source]	assets/projects/agnitra/gallery/Chaitra Navratri/Navratri Day - 02.psd
5.8 MB	[source]	assets/projects/suprams/gallery/Acronis/Acronis post.psd
5.7 MB	[source]	assets/projects/agnitra/gallery/Pitru Paksh Puja/Pitru Paksh Puja post/Blog 04.psd
5.6 MB	[source]	assets/projects/suprams/gallery/Acronis/Acronis post N1.psd
5.5 MB	[source]	assets/projects/agnitra/gallery/Chaitra Navratri/Navratri Day - 09.psd
5.5 MB	[source]	assets/projects/agnitra/gallery/Agnitra Website/Home/Agnitra Home Page Colarge transparent background.zip
5.4 MB	[source]	assets/projects/suprams/gallery/Acronis/Aconis Seemless Backup.psb
5.4 MB	[source]	assets/projects/agnitra/gallery/Agnitra Website/Home/Agnitra Home Page Colarge.zip
5.3 MB	[video]	assets/projects/suprams/gallery/Suprams Post/ESET Endpoint Security.mp4
5.2 MB	[source]	assets/projects/suprams/gallery/Acronis/Acronis MDR.psd
5.1 MB	[video]	assets/projects/agnitra/gallery/August/Naag Panchami.mp4
5.0 MB	[video]	assets/projects/luxury-club/gallery/Post/usha uthup/WhatsApp Video 2024-04-04 at 10.10.21 AM (1).mp4
5.0 MB	[video]	assets/projects/automobile-villa/gallery/Polo CONVERSION KIT/Polo CONVERSION KIT  (Facebook Video).mp4
5.0 MB	[video]	assets/projects/suprams/gallery/Automobile villa/Polo CONVERSION KIT/Polo CONVERSION KIT  (Facebook Video).mp4
4.8 MB	[source]	assets/projects/agnitra/gallery/Pitru Paksh Puja/Pitru Paksh Puja post/Blog 03.psd
4.8 MB	[source]	assets/projects/agnitra/gallery/Chaitra Navratri/Navratri Day - 03.psd
4.8 MB	[video]	assets/projects/suprams/gallery/Acronis/Acronis - Uh oh. Crash!.mp4
4.7 MB	[video]	assets/projects/suprams/gallery/Google Workspace/Google Workspace.mp4
4.7 MB	[source]	assets/projects/agnitra/gallery/March/Dayanand saraswati jayanti - 05 march.psd
4.5 MB	[source]	assets/projects/agnitra/gallery/Chaitra Navratri/Navratri Day - 08.psd
4.4 MB	[source]	assets/projects/agnitra/gallery/Pitru Paksh Puja/Pitru Paksh Puja post/Pitru Paksh Puja 18-30 september 08.psd
4.4 MB	[source]	assets/projects/agnitra/gallery/Agnitra Website/Home/Home banners.zip
4.2 MB	[video]	assets/projects/jgm/gallery/Dr. Ruchi Post 03.mp4
4.0 MB	[source]	assets/projects/agnitra/gallery/Navratri 2024/Online Navaratri Sadhana 03-12 october.psd
3.8 MB	[source]	assets/projects/agnitra/gallery/Navratri 2024/Online Navaratri Sadhana 03-12 october 02.psd
3.7 MB	[video]	assets/projects/luxury-club/gallery/Post/usha uthup/WhatsApp Video 2024-04-04 at 10.10.21 AM.mp4
3.7 MB	[video]	assets/projects/luxury-club/gallery/Post/usha uthup/WhatsApp Video 2024-04-04 at 10.10.19 AM.mp4
3.7 MB	[source]	assets/projects/suprams/gallery/LyraCrafts/LOGO png.psb
3.6 MB	[video]	assets/projects/jgm/gallery/WhatsApp Video 2025-07-25 at 12.41.21 PM.mp4
3.6 MB	[source]	assets/projects/agnitra/gallery/Pitru Paksh Puja/Pitru Paksh Puja post/Blog 05.psd
3.6 MB	[video]	assets/projects/luxury-club/gallery/Luxury Magazine reel.mp4
3.5 MB	[video]	assets/projects/luxury-club/gallery/Post/Luxury Magazine reel.mp4
3.4 MB	[source]	assets/projects/agnitra/gallery/Pitru Paksh Puja/Pitru Paksh Puja post/Blog 07.psd
3.3 MB	[video]	assets/projects/automobile-villa/gallery/Automobile villa Raksha Bandhan.mp4
3.3 MB	[video]	assets/projects/suprams/gallery/Automobile villa/Automobile villa Raksha Bandhan.mp4
3.2 MB	[source]	assets/projects/agnitra/gallery/Pitru Paksh Puja/Pitru Paksh Puja post/Blog 02.psd
2.9 MB	[source]	assets/projects/agnitra/gallery/Pitru Paksh Puja/Pitru Paksh Puja post/Blog 01.psd
2.7 MB	[source]	assets/projects/agnitra/gallery/April/ambedkar jayanti post.psd
2.3 MB	[video]	assets/projects/suprams/gallery/Suprams Post/happy INDEPENDENCE day.mp4
2.2 MB	[source]	assets/projects/agnitra/gallery/Agnitra Website/New Updated Banner/Web banner services 02.psd
2.1 MB	[source]	assets/projects/suprams/gallery/Live in Hotel_website/live in new year banner.psd
2.0 MB	[source]	assets/projects/suprams/gallery/Acronis/Acronis Cyber Protect Cloud/Acronis Cyber Protect Cloud 02.psd
1.8 MB	[source]	assets/projects/suprams/gallery/Live in Hotel_website/Champaeng.psd
1.8 MB	[source]	assets/projects/agnitra/gallery/Agnitra Website/New Updated Banner/Web banner services.psd
1.5 MB	[video]	assets/projects/luxury-club/gallery/Post/Luxury ganesh chaturthi.mp4
1.4 MB	[video]	assets/projects/suprams/gallery/Suprams Post/Suprams Vishwakarma puja.mp4
1.4 MB	[source]	assets/projects/suprams/gallery/Partner LOGO/zoho-logo-print.eps
1.2 MB	[source]	assets/projects/suprams/gallery/Acronis/Acronis post N3.psd
1.2 MB	[source]	assets/projects/suprams/gallery/Partner LOGO/veeam_logo/Veeam_logo/Veeam_Logo_for_Print/CMYK/04_varnish/Veeam_logo_2024_CMYK_Varnish.eps
1.2 MB	[source]	assets/projects/suprams/gallery/Partner LOGO/veeam_logo/Veeam_logo/Veeam_Logo_for_Print/Pantone/02_w_stroke/Veeam_logo_2024_P2420_w_stroke.eps
1.2 MB	[source]	assets/projects/suprams/gallery/Partner LOGO/veeam_logo/Veeam_logo/Veeam_Logo_for_Print/Pantone/04_varnish/Veeam_logo_2024_P2420_Varnish.eps
1.2 MB	[source]	assets/projects/suprams/gallery/Partner LOGO/veeam_logo/Veeam_logo/Veeam_Logo_for_Print/CMYK/02_w_stroke/Veeam_logo_2024_CMYK_w_stroke.eps
1.2 MB	[source]	assets/projects/suprams/gallery/Partner LOGO/veeam_logo/Veeam_logo/Veeam_Logo_for_Print/CMYK/03_small/Veeam_logo_2024_CMYK_w_stroke_for small.eps
1.2 MB	[source]	assets/projects/suprams/gallery/Partner LOGO/veeam_logo/Veeam_logo/Veeam_Logo_for_Print/Pantone/01_main/Veeam_logo_2024_P2420_main.eps
1.2 MB	[source]	assets/projects/suprams/gallery/Partner LOGO/veeam_logo/Veeam_logo/Veeam_Logo_for_Print/Pantone/02_w_stroke/Veeam_logo_2024_P2420_for_small_w_stroke.eps
1.2 MB	[source]	assets/projects/suprams/gallery/Partner LOGO/veeam_logo/Veeam_logo/Veeam_Logo_for_Print/Pantone/03_spot/Veeam_logo_2024_P2420_spot.eps
1.2 MB	[video]	assets/projects/luxury-club/gallery/Post/usha uthup/WhatsApp Video 2024-04-04 at 10.10.20 AM (2).mp4
1.2 MB	[source]	assets/projects/suprams/gallery/Partner LOGO/veeam_logo/Veeam_logo/Veeam_Logo_for_Print/CMYK/01_main/Veeam_logo_2024_CMYK_main.eps
1.2 MB	[source]	assets/projects/suprams/gallery/Partner LOGO/veeam_logo/Veeam_logo/Veeam_Logo_for_Print/CMYK/03_small/Veeam_logo_2024_CMYK_for_small.eps
1.2 MB	[source]	assets/projects/suprams/gallery/Partner LOGO/veeam_logo/Veeam_logo/Veeam_Logo_for_Print/Pantone/03_spot/Veeam_logo_2024_White_spot.eps
1.2 MB	[source]	assets/projects/suprams/gallery/Live in Hotel_website/Celebreation.psd
1.1 MB	[video]	assets/projects/suprams/gallery/Suprams Post/happy INDEPENDENCE day (1280 x 1024 px).mp4
1.1 MB	[source]	assets/projects/suprams/gallery/Partner LOGO/veeam_logo/Veeam_logo/Veeam_Logo_for_Print/CMYK/02_w_stroke/Veeam_logo_2024_CMYK_w_stroke.ai
1.1 MB	[source]	assets/projects/suprams/gallery/Partner LOGO/veeam_logo/Veeam_logo/Veeam_Logo_for_Print/Pantone/02_w_stroke/Veeam_logo_2024_P2420_w_stroke.ai
1.1 MB	[source]	assets/projects/suprams/gallery/Partner LOGO/veeam_logo/Veeam_logo/Veeam_Logo_for_Print/CMYK/01_main/Veeam_logo_2024_CMYK_main.ai
1.1 MB	[source]	assets/projects/suprams/gallery/Partner LOGO/veeam_logo/Veeam_logo/Veeam_Logo_for_Print/Pantone/01_main/Veeam_logo_2024_P2420_main.ai
1.1 MB	[source]	assets/projects/suprams/gallery/Partner LOGO/veeam_logo/Veeam_logo/Veeam_Logo_for_Print/Pantone/03_spot/Veeam_logo_2024_P2420_spot.ai
1.1 MB	[source]	assets/projects/suprams/gallery/Partner LOGO/veeam_logo/Veeam_logo/Veeam_Logo_for_Print/CMYK/03_small/Veeam_logo_2024_CMYK_for_small.ai
1.1 MB	[source]	assets/projects/suprams/gallery/Partner LOGO/veeam_logo/Veeam_logo/Veeam_Logo_for_Print/Pantone/03_spot/Veeam_logo_2024_White_spot.ai
0.9 MB	[video]	assets/projects/suprams/gallery/Suprams Post/happy INDEPENDENCE day (1).mp4
0.9 MB	[video]	assets/projects/jgm/gallery/JGM Hareli Post.mp4
0.8 MB	[video]	assets/projects/suprams/gallery/Suprams Post/happy INDEPENDENCE day IT.mp4
0.8 MB	[video]	assets/projects/agnitra/gallery/agnitra/Agnitra ONENESS Master Meet 2024 (2).mp4
0.6 MB	[video]	assets/projects/agnitra/gallery/agnitra/Agnitra Nakshtra 2024 Front.mp4
0.5 MB	[video]	assets/projects/agnitra/gallery/agnitra/Agnitra ONENESS Master Meet 2024 (1).mp4
0.3 MB	[source]	assets/projects/suprams/gallery/Partner LOGO/vultr-all-assets/vultr-all-assets/vultr-brand-logo/AI/logo__on-white.ai
0.3 MB	[source]	assets/projects/suprams/gallery/Partner LOGO/vultr-all-assets/vultr-all-assets/vultr-brand-logo/AI/signet__on-dark.ai
0.3 MB	[source]	assets/projects/suprams/gallery/Partner LOGO/vultr-all-assets/vultr-all-assets/vultr-brand-logo/AI/logo__on-dark.ai
0.3 MB	[video]	assets/projects/agnitra/gallery/agnitra/Agnitra Nakshtra 2024 Back.mp4
0.3 MB	[source]	assets/projects/suprams/gallery/Partner LOGO/veeam_logo/Veeam_logo/Veeam_Logo_for_Print/CMYK/04_varnish/Veeam_logo_2024_CMYK_Varnish.ai
0.3 MB	[source]	assets/projects/suprams/gallery/Partner LOGO/veeam_logo/Veeam_logo/Veeam_Logo_for_Print/CMYK/03_small/Veeam_logo_2024_CMYK_w_stroke_for small.ai
0.3 MB	[source]	assets/projects/agnitra/gallery/Agnitra Website/About Us/Meet Dr Ganesh Dubey/Agnitra awards.zip
0.3 MB	[source]	assets/projects/suprams/gallery/Partner LOGO/veeam_logo/Veeam_logo/Veeam_Logo_for_Print/Pantone/02_w_stroke/Veeam_logo_2024_P2420_for_small_w_stroke.ai
0.2 MB	[source]	assets/projects/suprams/gallery/Partner LOGO/vultr-all-assets/vultr-all-assets/vultr-brand-logo/AI/signet__on-dark-blue-bg.ai
0.1 MB	[source]	assets/projects/suprams/gallery/Partner LOGO/vultr-all-assets/vultr-all-assets/vultr-brand-logo/AI/signet__on-white.ai
0.0 MB	[source]	assets/projects/suprams/gallery/Partner LOGO/vultr-all-assets/__MACOSX/vultr-all-assets/vultr-brand-logo/AI/._signet__on-dark.ai
0.0 MB	[source]	assets/projects/suprams/gallery/Partner LOGO/vultr-all-assets/__MACOSX/vultr-all-assets/vultr-brand-logo/AI/._logo__on-dark.ai
0.0 MB	[source]	assets/projects/suprams/gallery/Partner LOGO/vultr-all-assets/__MACOSX/vultr-all-assets/vultr-brand-logo/AI/._logo__on-white.ai
0.0 MB	[source]	assets/projects/suprams/gallery/Partner LOGO/vultr-all-assets/__MACOSX/vultr-all-assets/vultr-brand-logo/AI/._signet__on-dark-blue-bg.ai
0.0 MB	[source]	assets/projects/suprams/gallery/Partner LOGO/vultr-all-assets/__MACOSX/vultr-all-assets/vultr-brand-logo/AI/._signet__on-white.ai
0.0 MB	[source]	assets/projects/suprams/gallery/Partner LOGO/veeam_logo/__MACOSX/Veeam_logo/Veeam_Logo_for_Print/CMYK/01_main/._Veeam_logo_2024_CMYK_main.ai
0.0 MB	[source]	assets/projects/suprams/gallery/Partner LOGO/veeam_logo/__MACOSX/Veeam_logo/Veeam_Logo_for_Print/CMYK/01_main/._Veeam_logo_2024_CMYK_main.eps
0.0 MB	[source]	assets/projects/suprams/gallery/Partner LOGO/veeam_logo/__MACOSX/Veeam_logo/Veeam_Logo_for_Print/CMYK/02_w_stroke/._Veeam_logo_2024_CMYK_w_stroke.ai
0.0 MB	[source]	assets/projects/suprams/gallery/Partner LOGO/veeam_logo/__MACOSX/Veeam_logo/Veeam_Logo_for_Print/CMYK/02_w_stroke/._Veeam_logo_2024_CMYK_w_stroke.eps
0.0 MB	[source]	assets/projects/suprams/gallery/Partner LOGO/veeam_logo/__MACOSX/Veeam_logo/Veeam_Logo_for_Print/CMYK/03_small/._Veeam_logo_2024_CMYK_for_small.ai
0.0 MB	[source]	assets/projects/suprams/gallery/Partner LOGO/veeam_logo/__MACOSX/Veeam_logo/Veeam_Logo_for_Print/CMYK/03_small/._Veeam_logo_2024_CMYK_for_small.eps
0.0 MB	[source]	assets/projects/suprams/gallery/Partner LOGO/veeam_logo/__MACOSX/Veeam_logo/Veeam_Logo_for_Print/CMYK/03_small/._Veeam_logo_2024_CMYK_w_stroke_for small.ai
0.0 MB	[source]	assets/projects/suprams/gallery/Partner LOGO/veeam_logo/__MACOSX/Veeam_logo/Veeam_Logo_for_Print/CMYK/03_small/._Veeam_logo_2024_CMYK_w_stroke_for small.eps
0.0 MB	[source]	assets/projects/suprams/gallery/Partner LOGO/veeam_logo/__MACOSX/Veeam_logo/Veeam_Logo_for_Print/CMYK/04_varnish/._Veeam_logo_2024_CMYK_Varnish.ai
0.0 MB	[source]	assets/projects/suprams/gallery/Partner LOGO/veeam_logo/__MACOSX/Veeam_logo/Veeam_Logo_for_Print/CMYK/04_varnish/._Veeam_logo_2024_CMYK_Varnish.eps
0.0 MB	[source]	assets/projects/suprams/gallery/Partner LOGO/veeam_logo/__MACOSX/Veeam_logo/Veeam_Logo_for_Print/Pantone/01_main/._Veeam_logo_2024_P2420_main.ai
0.0 MB	[source]	assets/projects/suprams/gallery/Partner LOGO/veeam_logo/__MACOSX/Veeam_logo/Veeam_Logo_for_Print/Pantone/01_main/._Veeam_logo_2024_P2420_main.eps
0.0 MB	[source]	assets/projects/suprams/gallery/Partner LOGO/veeam_logo/__MACOSX/Veeam_logo/Veeam_Logo_for_Print/Pantone/02_w_stroke/._Veeam_logo_2024_P2420_for_small_w_stroke.ai
0.0 MB	[source]	assets/projects/suprams/gallery/Partner LOGO/veeam_logo/__MACOSX/Veeam_logo/Veeam_Logo_for_Print/Pantone/02_w_stroke/._Veeam_logo_2024_P2420_for_small_w_stroke.eps
0.0 MB	[source]	assets/projects/suprams/gallery/Partner LOGO/veeam_logo/__MACOSX/Veeam_logo/Veeam_Logo_for_Print/Pantone/02_w_stroke/._Veeam_logo_2024_P2420_w_stroke.ai
0.0 MB	[source]	assets/projects/suprams/gallery/Partner LOGO/veeam_logo/__MACOSX/Veeam_logo/Veeam_Logo_for_Print/Pantone/02_w_stroke/._Veeam_logo_2024_P2420_w_stroke.eps
0.0 MB	[source]	assets/projects/suprams/gallery/Partner LOGO/veeam_logo/__MACOSX/Veeam_logo/Veeam_Logo_for_Print/Pantone/03_spot/._Veeam_logo_2024_P2420_spot.ai
0.0 MB	[source]	assets/projects/suprams/gallery/Partner LOGO/veeam_logo/__MACOSX/Veeam_logo/Veeam_Logo_for_Print/Pantone/03_spot/._Veeam_logo_2024_P2420_spot.eps
0.0 MB	[source]	assets/projects/suprams/gallery/Partner LOGO/veeam_logo/__MACOSX/Veeam_logo/Veeam_Logo_for_Print/Pantone/03_spot/._Veeam_logo_2024_White_spot.ai
0.0 MB	[source]	assets/projects/suprams/gallery/Partner LOGO/veeam_logo/__MACOSX/Veeam_logo/Veeam_Logo_for_Print/Pantone/03_spot/._Veeam_logo_2024_White_spot.eps
0.0 MB	[source]	assets/projects/suprams/gallery/Partner LOGO/veeam_logo/__MACOSX/Veeam_logo/Veeam_Logo_for_Print/Pantone/04_varnish/._Veeam_logo_2024_P2420_Varnish.eps


===== NON-CURATED IMAGE/PDF POOL DELETION — 2026-08-25T10:39:40.808Z =====
User-authorized permanent deletion of non-curated files under assets/projects/*/gallery/.
Deleted 1840 files (3216.9 MB). Pruned 172 empty subfolders.
All 85 curated/site-referenced files preserved.

assets/projects/agnitra/gallery/Agnitra Consultations (3).png
assets/projects/agnitra/gallery/Agnitra Happy Teachers’ Day.png
assets/projects/agnitra/gallery/Agnitra Holi.png
assets/projects/agnitra/gallery/Agnitra Sacred Healing Mastery Program/1.png
assets/projects/agnitra/gallery/Agnitra Sacred Healing Mastery Program/2.png
assets/projects/agnitra/gallery/Agnitra Sacred Healing Mastery Program/Agnitra Sacred Healing Mastery Program (1).png
assets/projects/agnitra/gallery/Agnitra Sacred Healing Mastery Program/Agnitra Sacred Healing Mastery Program (2).png
assets/projects/agnitra/gallery/Agnitra Sacred Healing Mastery Program/Sacred Healing Mastery Program 26-28 aprile.png
assets/projects/agnitra/gallery/Agnitra Sacred Healing Mastery Program/debug.log
assets/projects/agnitra/gallery/Agnitra Website/About Us/Award recoginition/Award Recognition Banner.png
assets/projects/agnitra/gallery/Agnitra Website/About Us/Founders Message/Layer 1.png
assets/projects/agnitra/gallery/Agnitra Website/About Us/Founders Message/Layer 2.png
assets/projects/agnitra/gallery/Agnitra Website/About Us/Founders Message/Layer 3.png
assets/projects/agnitra/gallery/Agnitra Website/About Us/Meet Dr Ganesh Dubey/Agnitra awards/20180528_225844-300x204.webp
assets/projects/agnitra/gallery/Agnitra Website/About Us/Meet Dr Ganesh Dubey/Agnitra awards/241128851_4376360142403334_719529111809473312_n-300x200.webp
assets/projects/agnitra/gallery/Agnitra Website/About Us/Meet Dr Ganesh Dubey/Agnitra awards/259809519_4643279775711368_2371154976856217366_n-300x225.webp
assets/projects/agnitra/gallery/Agnitra Website/About Us/Meet Dr Ganesh Dubey/Agnitra awards/279348724_5139014589471215_3143279938591470360_n-300x169.webp
assets/projects/agnitra/gallery/Agnitra Website/About Us/Meet Dr Ganesh Dubey/Agnitra awards/286444025_5265817260124280_5139415423985110243_n-300x169.webp
assets/projects/agnitra/gallery/Agnitra Website/About Us/Meet Dr Ganesh Dubey/Agnitra awards/287004631_5273909552648384_90303405222544622_n-300x200.webp
assets/projects/agnitra/gallery/Agnitra Website/About Us/Meet Dr Ganesh Dubey/Agnitra awards/300364025_5493596200679717_5480221854457048259_n-300x135.webp
assets/projects/agnitra/gallery/Agnitra Website/About Us/Meet Dr Ganesh Dubey/Agnitra awards/300796256_5485030061536331_9050146579603980293_n-e1681340111260-300x190.webp
assets/projects/agnitra/gallery/Agnitra Website/About Us/Meet Dr Ganesh Dubey/Agnitra awards/DSC_5097-300x200.webp
assets/projects/agnitra/gallery/Agnitra Website/About Us/Meet Dr Ganesh Dubey/Agnitra awards/FB_IMG_15166470624052525-300x169.webp
assets/projects/agnitra/gallery/Agnitra Website/About Us/Meet Dr Ganesh Dubey/Agnitra awards/FB_IMG_15166471915938780-300x188.webp
assets/projects/agnitra/gallery/Agnitra Website/About Us/Meet Dr Ganesh Dubey/Agnitra awards/FB_IMG_15166472290377523-300x225.webp
assets/projects/agnitra/gallery/Agnitra Website/About Us/Meet Dr Ganesh Dubey/Agnitra awards/FB_IMG_15166473579803625-300x214.webp
assets/projects/agnitra/gallery/Agnitra Website/About Us/Meet Dr Ganesh Dubey/Agnitra awards/FB_IMG_15403951089448773-300x200.webp
assets/projects/agnitra/gallery/Agnitra Website/About Us/Meet Dr Ganesh Dubey/Agnitra awards/FB_IMG_15403953153160925-300x199.webp
assets/projects/agnitra/gallery/Agnitra Website/About Us/Meet Dr Ganesh Dubey/Agnitra awards/FB_IMG_15678545674549929-300x214.webp
assets/projects/agnitra/gallery/Agnitra Website/About Us/Meet Dr Ganesh Dubey/Agnitra awards/IMG-20190821-WA0022-300x206.webp
assets/projects/agnitra/gallery/Agnitra Website/About Us/Meet Dr Ganesh Dubey/Agnitra awards/IMG-20190912-WA0010-Copy-300x214.webp
assets/projects/agnitra/gallery/Agnitra Website/About Us/Meet Dr Ganesh Dubey/Agnitra awards/IMG-20190912-WA0013-Copy-Copy-300x214.webp
assets/projects/agnitra/gallery/Agnitra Website/About Us/Meet Dr Ganesh Dubey/Agnitra awards/IMG-20210321-WA0051-300x200.webp
assets/projects/agnitra/gallery/Agnitra Website/About Us/Meet Dr Ganesh Dubey/Agnitra awards/IMG-20210323-WA0003-e1634428596402-225x300.webp
assets/projects/agnitra/gallery/Agnitra Website/About Us/Meet Dr Ganesh Dubey/Agnitra awards/IMG20210829152901-300x225.webp
assets/projects/agnitra/gallery/Agnitra Website/About Us/Meet Dr Ganesh Dubey/Agnitra awards/IMG20210829152916-225x300.webp
assets/projects/agnitra/gallery/Agnitra Website/About Us/Meet Dr Ganesh Dubey/Agnitra awards/IMG20210829154625-300x225.webp
assets/projects/agnitra/gallery/Agnitra Website/About Us/Meet Dr Ganesh Dubey/Agnitra awards/IMG_2705-300x214.webp
assets/projects/agnitra/gallery/Agnitra Website/About Us/Meet Dr Ganesh Dubey/Agnitra awards/World-book-of-records--200x300.webp
assets/projects/agnitra/gallery/Agnitra Website/About Us/Meet Dr Ganesh Dubey/Photo slide/Photo Slide 2/1.png
assets/projects/agnitra/gallery/Agnitra Website/About Us/Meet Dr Ganesh Dubey/Photo slide/Photo Slide 2/2.png
assets/projects/agnitra/gallery/Agnitra Website/About Us/Meet Dr Ganesh Dubey/Photo slide/Photo Slide 2/3.png
assets/projects/agnitra/gallery/Agnitra Website/About Us/Meet Dr Ganesh Dubey/Photo slide/Photo Slide 2/4.png
assets/projects/agnitra/gallery/Agnitra Website/About Us/Meet Dr Ganesh Dubey/Photo slide/Photo Slide 2/5.png
assets/projects/agnitra/gallery/Agnitra Website/About Us/Meet Dr Ganesh Dubey/Photo slide/Photo Slide 2/6.png
assets/projects/agnitra/gallery/Agnitra Website/About Us/Meet Dr Ganesh Dubey/Photo slide/Photo slide 01/photo slide_0000_IMG-20231118-WA0033.jpg
assets/projects/agnitra/gallery/Agnitra Website/About Us/Meet Dr Ganesh Dubey/Photo slide/Photo slide 01/photo slide_0001_IMG-20231118-WA0032.jpg
assets/projects/agnitra/gallery/Agnitra Website/About Us/Meet Dr Ganesh Dubey/Photo slide/Photo slide 01/photo slide_0002_IMG-20231118-WA0027.jpg
assets/projects/agnitra/gallery/Agnitra Website/About Us/Meet Dr Ganesh Dubey/Photo slide/Photo slide 01/photo slide_0003_IMG-20231118-WA0023.jpg
assets/projects/agnitra/gallery/Agnitra Website/About Us/Meet Dr Ganesh Dubey/Photo slide/Photo slide 01/photo slide_0004_IMG-20231118-WA0013.jpg
assets/projects/agnitra/gallery/Agnitra Website/About Us/Meet Dr Ganesh Dubey/Photo slide/Photo slide 01/photo slide_0005_IMG-20231118-WA0010.jpg
assets/projects/agnitra/gallery/Agnitra Website/About Us/Meet Dr Ganesh Dubey/Photo slide/Photo slide 01/photo slide_0006_IMG-20231025-WA0032 (1).jpg
assets/projects/agnitra/gallery/Agnitra Website/About Us/Meet Dr Ganesh Dubey/Photo slide/Photo slide 01/photo slide_0007_IMG-20231118-WA0039.jpg
assets/projects/agnitra/gallery/Agnitra Website/About Us/Meet Dr Ganesh Dubey/Photo slide/Photo slide 01/photo slide_0008_IMG-20230909-WA0020.jpg
assets/projects/agnitra/gallery/Agnitra Website/About Us/Meet Dr Ganesh Dubey/Web banners 04.png
assets/projects/agnitra/gallery/Agnitra Website/About Us/Meet Dr Ganesh Dubey/Web banners 05.png
assets/projects/agnitra/gallery/Agnitra Website/Guru purnima event web banner.png
assets/projects/agnitra/gallery/Agnitra Website/Home/Agnitra Home Page Colarge/1.png
assets/projects/agnitra/gallery/Agnitra Website/Home/Agnitra Home Page Colarge/2.png
assets/projects/agnitra/gallery/Agnitra Website/Home/Agnitra Home Page Colarge/3.png
assets/projects/agnitra/gallery/Agnitra Website/Home/Agnitra Home Page Colarge transparent background/1.png
assets/projects/agnitra/gallery/Agnitra Website/Home/Agnitra Home Page Colarge transparent background/2.png
assets/projects/agnitra/gallery/Agnitra Website/Home/Agnitra Home Page Colarge transparent background/3.png
assets/projects/agnitra/gallery/Agnitra Website/Home/Galary 01.png
assets/projects/agnitra/gallery/Agnitra Website/Home/Home banners/Web banners 01.png
assets/projects/agnitra/gallery/Agnitra Website/Home/Home banners/Web banners 02.png
assets/projects/agnitra/gallery/Agnitra Website/Home/Home banners/Web banners 03.png
assets/projects/agnitra/gallery/Agnitra Website/Home/Home banners/Web banners 04.png
assets/projects/agnitra/gallery/Agnitra Website/Home/Product Mockup Transparent.png
assets/projects/agnitra/gallery/Agnitra Website/Home/Product Mockup.png
assets/projects/agnitra/gallery/Agnitra Website/New Updated Banner/Web banner Contact.png
assets/projects/agnitra/gallery/Agnitra Website/New Updated Banner/Web banner Kundali.jpg
assets/projects/agnitra/gallery/Agnitra Website/New Updated Banner/Web banner Kundali.png
assets/projects/agnitra/gallery/Agnitra Website/New Updated Banner/Web banner book.jpg
assets/projects/agnitra/gallery/Agnitra Website/New Updated Banner/Web banner book.png
assets/projects/agnitra/gallery/Agnitra Website/New Updated Banner/Web banner cunsultation.jpg
assets/projects/agnitra/gallery/Agnitra Website/New Updated Banner/Web banner cunsultation.png
assets/projects/agnitra/gallery/Agnitra Website/New Updated Banner/Web banner services 02.png
assets/projects/agnitra/gallery/Agnitra Website/New Updated Banner/Web banner services.png
assets/projects/agnitra/gallery/Agnitra Website/New Updated Banner/award 1280x853.png
assets/projects/agnitra/gallery/Agnitra Website/New Updated Banner/bagalamukhi puja.png
assets/projects/agnitra/gallery/Agnitra Website/New Updated Banner/debug.log
assets/projects/agnitra/gallery/Agnitra Website/Web banners 01.png
assets/projects/agnitra/gallery/Agnitra Website/Web banners 02.png
assets/projects/agnitra/gallery/Agnitra Website/Web banners 03.png
assets/projects/agnitra/gallery/Agnitra Website/Web banners 04.png
assets/projects/agnitra/gallery/Agnitra Website/Web banners 05.png
assets/projects/agnitra/gallery/Agnitra Website/Web banners 06.png
assets/projects/agnitra/gallery/Agnitra ganesh wish.png
assets/projects/agnitra/gallery/April/Agnitra Hanuman Jayanti.png
assets/projects/agnitra/gallery/April/Agnitra Mahavir jayanti.png
assets/projects/agnitra/gallery/April/Amavasya.png
assets/projects/agnitra/gallery/April/Durga Astami Vrat Apr.png
assets/projects/agnitra/gallery/April/KALASTAMI VRAT.png
assets/projects/agnitra/gallery/April/Papmochani Ekadashi.png
assets/projects/agnitra/gallery/April/Pradosh Vrat Apr Krishna.png
assets/projects/agnitra/gallery/April/Pradosh Vrat shukla paksh 03.png
assets/projects/agnitra/gallery/April/Purnima Vrat.png
assets/projects/agnitra/gallery/April/Ram Navami.png
assets/projects/agnitra/gallery/April/Sankashti Chaturthi.png
assets/projects/agnitra/gallery/April/Satya vrat.png
assets/projects/agnitra/gallery/April/ambedkar jayanti post.png
assets/projects/agnitra/gallery/April/kamada ekadashi.png
assets/projects/agnitra/gallery/April/masik shivratri.png
assets/projects/agnitra/gallery/August/15 August.png
assets/projects/agnitra/gallery/August/Agnitra Hariyali Teej.png
assets/projects/agnitra/gallery/August/Agnitra Raksha Bandhan.png
assets/projects/agnitra/gallery/August/Amavasya.png
assets/projects/agnitra/gallery/August/Chandra Darshan.png
assets/projects/agnitra/gallery/August/Durga Astami Vrat.png
assets/projects/agnitra/gallery/August/KALASTAMI VRAT.png
assets/projects/agnitra/gallery/August/Nandotsav.png
assets/projects/agnitra/gallery/August/Pradosh Vrat Krishna.png
assets/projects/agnitra/gallery/August/Pradosh Vrat shukla paksh.png
assets/projects/agnitra/gallery/August/Pradosh Vrat.png
assets/projects/agnitra/gallery/August/Purnima Vrat Mar.png
assets/projects/agnitra/gallery/August/Rohini Vrat.png
assets/projects/agnitra/gallery/August/Satya vrat Mar.png
assets/projects/agnitra/gallery/August/Skand Sashthi.png
assets/projects/agnitra/gallery/August/masik shivratri.png
assets/projects/agnitra/gallery/August/somvar vrat.png
assets/projects/agnitra/gallery/August/varad chaturthi.png
assets/projects/agnitra/gallery/BANNER/Agnitra Face book Cover (1).png
assets/projects/agnitra/gallery/BANNER/Agnitra Linkedin Cover.png
assets/projects/agnitra/gallery/BANNER/Agnitra Twitter Cover (1).png
assets/projects/agnitra/gallery/BANNER/Pinterest Cover (1).png
assets/projects/agnitra/gallery/Chaitra Navratri/Chaitra Navratri Colour.png
assets/projects/agnitra/gallery/Chaitra Navratri/Chaitra Navratri Web banners.png
assets/projects/agnitra/gallery/Chaitra Navratri/Chaitra Navratri wishes Web banners.png
assets/projects/agnitra/gallery/Chaitra Navratri/Chaitra Navratri.png
assets/projects/agnitra/gallery/Chaitra Navratri/Navratri Blog/Banner 01.png
assets/projects/agnitra/gallery/Chaitra Navratri/Navratri Blog/Blog/Banner 01.png
assets/projects/agnitra/gallery/Chaitra Navratri/Navratri Blog/Group 1 (3).png
assets/projects/agnitra/gallery/Chaitra Navratri/Navratri Blog/Group 2 (2).png
assets/projects/agnitra/gallery/Chaitra Navratri/Navratri Blog/Navratri Blog.pdf
assets/projects/agnitra/gallery/Chaitra Navratri/Navratri Blog/Navratri Blog.png
assets/projects/agnitra/gallery/Chaitra Navratri/Navratri Blog/Navratri Blog.svg
assets/projects/agnitra/gallery/Chaitra Navratri/Navratri Blog/Unveiling the Significance of Tantra During Navratri13_04_24.docx
assets/projects/agnitra/gallery/Chaitra Navratri/Navratri Blog/image 4.png
assets/projects/agnitra/gallery/Chaitra Navratri/Navratri Day - 01.png
assets/projects/agnitra/gallery/Chaitra Navratri/Navratri Day - 02.png
assets/projects/agnitra/gallery/Chaitra Navratri/Navratri Day - 03.png
assets/projects/agnitra/gallery/Chaitra Navratri/Navratri Day - 04.png
assets/projects/agnitra/gallery/Chaitra Navratri/Navratri Day - 05.png
assets/projects/agnitra/gallery/Chaitra Navratri/Navratri Day - 06.png
assets/projects/agnitra/gallery/Chaitra Navratri/Navratri Day - 07.png
assets/projects/agnitra/gallery/Chaitra Navratri/Navratri Day - 08.png
assets/projects/agnitra/gallery/Chaitra Navratri/Navratri Day - 09.png
assets/projects/agnitra/gallery/Chaitra Navratri/debug.log
assets/projects/agnitra/gallery/Chandra Darshan.png
assets/projects/agnitra/gallery/DECEMBER/Atal Vihari Vajpeya.png
assets/projects/agnitra/gallery/DECEMBER/Bhagwat gita jayanti.png
assets/projects/agnitra/gallery/DECEMBER/Bhoumvati amavasya.png
assets/projects/agnitra/gallery/DECEMBER/Chandra Darshan.png
assets/projects/agnitra/gallery/DECEMBER/Durga Astami Vrat.png
assets/projects/agnitra/gallery/DECEMBER/KALASTAMI VRAT.png
assets/projects/agnitra/gallery/DECEMBER/Level 3 December.png
assets/projects/agnitra/gallery/DECEMBER/Pradosh Vrat Krishna paksha.png
assets/projects/agnitra/gallery/DECEMBER/Pradosh Vrat shukla paksh 02.png
assets/projects/agnitra/gallery/DECEMBER/Prayashchit diwas 04.png
assets/projects/agnitra/gallery/DECEMBER/Prayashchit diwas 05.png
assets/projects/agnitra/gallery/DECEMBER/Sankashti Chaturthi.png
assets/projects/agnitra/gallery/DECEMBER/Satya vrat.png
assets/projects/agnitra/gallery/DECEMBER/Vaikuntha Ekadashi.png
assets/projects/agnitra/gallery/DECEMBER/level 1 & 2 December.png
assets/projects/agnitra/gallery/DECEMBER/masik shivratri.png
assets/projects/agnitra/gallery/DECEMBER/rohini vrat dec.png
assets/projects/agnitra/gallery/DECEMBER/somvar vrat.png
assets/projects/agnitra/gallery/DECEMBER/varad chaturthi December.png
assets/projects/agnitra/gallery/Dil Se 369 Book Launch.png
assets/projects/agnitra/gallery/February/Amavasya.png
assets/projects/agnitra/gallery/February/Chandra Darshan.png
assets/projects/agnitra/gallery/February/Durga Astami Vrat Feb.png
assets/projects/agnitra/gallery/February/KALASTAMI VRAT.png
assets/projects/agnitra/gallery/February/Pradosh Vrat Feb Krishna.png
assets/projects/agnitra/gallery/February/Pradosh Vrat shukla paksh 03.png
assets/projects/agnitra/gallery/February/Rohini Vrat Feb.png
assets/projects/agnitra/gallery/February/Sankashti Chaturthi Feb.png
assets/projects/agnitra/gallery/February/Satya vrat Feb.png
assets/projects/agnitra/gallery/February/Skand Sashthi Feb.png
assets/projects/agnitra/gallery/February/level 1 & 2 February.png
assets/projects/agnitra/gallery/February/masik shivratri.png
assets/projects/agnitra/gallery/February/somvar vrat.png
assets/projects/agnitra/gallery/February/varad chaturthi February.png
assets/projects/agnitra/gallery/Food Marque Flyer (1).png
assets/projects/agnitra/gallery/Food Marque Flyer.png
assets/projects/agnitra/gallery/GURU VANI/01 (1).png
assets/projects/agnitra/gallery/GURU VANI/01 (2).png
assets/projects/agnitra/gallery/GURU VANI/01 (3).png
assets/projects/agnitra/gallery/GURU VANI/01 (4).png
assets/projects/agnitra/gallery/GURU VANI/01 (5).png
assets/projects/agnitra/gallery/GURU VANI/02 (1).png
assets/projects/agnitra/gallery/GURU VANI/02 (2).png
assets/projects/agnitra/gallery/GURU VANI/02 (3).png
assets/projects/agnitra/gallery/GURU VANI/02 (4).png
assets/projects/agnitra/gallery/GURU VANI/02 (5).png
assets/projects/agnitra/gallery/GURU VANI/09 (1).png
assets/projects/agnitra/gallery/GURU VANI/09 (10).png
assets/projects/agnitra/gallery/GURU VANI/09 (2).png
assets/projects/agnitra/gallery/GURU VANI/09 (3).png
assets/projects/agnitra/gallery/GURU VANI/09 (4).png
assets/projects/agnitra/gallery/GURU VANI/09 (5).png
assets/projects/agnitra/gallery/GURU VANI/09 (6).png
assets/projects/agnitra/gallery/GURU VANI/09 (7).png
assets/projects/agnitra/gallery/GURU VANI/09 (8).png
assets/projects/agnitra/gallery/GURU VANI/09 (9).png
assets/projects/agnitra/gallery/GURU VANI/10 (1).png
assets/projects/agnitra/gallery/GURU VANI/10 (2).png
assets/projects/agnitra/gallery/GURU VANI/10 (3).png
assets/projects/agnitra/gallery/GURU VANI/10 (4).png
assets/projects/agnitra/gallery/GURU VANI/10 (5).png
assets/projects/agnitra/gallery/GURU VANI/10 (6).png
assets/projects/agnitra/gallery/GURU VANI/11 (1).png
assets/projects/agnitra/gallery/GURU VANI/11 (2).png
assets/projects/agnitra/gallery/GURU VANI/11 (3).png
assets/projects/agnitra/gallery/GURU VANI/11 (4).png
assets/projects/agnitra/gallery/GURU VANI/11 (5).png
assets/projects/agnitra/gallery/GURU VANI/11 (6).png
assets/projects/agnitra/gallery/GURU VANI/11 (7).png
assets/projects/agnitra/gallery/GURU VANI/12 (1).png
assets/projects/agnitra/gallery/GURU VANI/12 (10).png
assets/projects/agnitra/gallery/GURU VANI/12 (2).png
assets/projects/agnitra/gallery/GURU VANI/12 (3).png
assets/projects/agnitra/gallery/GURU VANI/12 (4).png
assets/projects/agnitra/gallery/GURU VANI/12 (5).png
assets/projects/agnitra/gallery/GURU VANI/12 (6).png
assets/projects/agnitra/gallery/GURU VANI/12 (7).png
assets/projects/agnitra/gallery/GURU VANI/12 (8).png
assets/projects/agnitra/gallery/GURU VANI/12 (9).png
assets/projects/agnitra/gallery/GURU VANI/13 (1).png
assets/projects/agnitra/gallery/GURU VANI/13 (2).png
assets/projects/agnitra/gallery/GURU VANI/13 (3).png
assets/projects/agnitra/gallery/GURU VANI/13 (4).png
assets/projects/agnitra/gallery/GURU VANI/13 (5).png
assets/projects/agnitra/gallery/GURU VANI/14 (1).png
assets/projects/agnitra/gallery/GURU VANI/14 (2).png
assets/projects/agnitra/gallery/GURU VANI/14 (3).png
assets/projects/agnitra/gallery/GURU VANI/14 (4).png
assets/projects/agnitra/gallery/GURU VANI/14 (5).png
assets/projects/agnitra/gallery/GURU VANI/14 (6).png
assets/projects/agnitra/gallery/GURU VANI/15 (1).png
assets/projects/agnitra/gallery/GURU VANI/15 (10).png
assets/projects/agnitra/gallery/GURU VANI/15 (2).png
assets/projects/agnitra/gallery/GURU VANI/15 (3).png
assets/projects/agnitra/gallery/GURU VANI/15 (4).png
assets/projects/agnitra/gallery/GURU VANI/15 (5).png
assets/projects/agnitra/gallery/GURU VANI/15 (6).png
assets/projects/agnitra/gallery/GURU VANI/15 (7).png
assets/projects/agnitra/gallery/GURU VANI/15 (8).png
assets/projects/agnitra/gallery/GURU VANI/15 (9).png
assets/projects/agnitra/gallery/GURU VANI/16 (1).png
assets/projects/agnitra/gallery/GURU VANI/16 (10).png
assets/projects/agnitra/gallery/GURU VANI/16 (2).png
assets/projects/agnitra/gallery/GURU VANI/16 (3).png
assets/projects/agnitra/gallery/GURU VANI/16 (4).png
assets/projects/agnitra/gallery/GURU VANI/16 (5).png
assets/projects/agnitra/gallery/GURU VANI/16 (6).png
assets/projects/agnitra/gallery/GURU VANI/16 (7).png
assets/projects/agnitra/gallery/GURU VANI/16 (8).png
assets/projects/agnitra/gallery/GURU VANI/16 (9).png
assets/projects/agnitra/gallery/GURU VANI/17 (1).png
assets/projects/agnitra/gallery/GURU VANI/17 (10).png
assets/projects/agnitra/gallery/GURU VANI/17 (11).png
assets/projects/agnitra/gallery/GURU VANI/17 (2).png
assets/projects/agnitra/gallery/GURU VANI/17 (3).png
assets/projects/agnitra/gallery/GURU VANI/17 (4).png
assets/projects/agnitra/gallery/GURU VANI/17 (5).png
assets/projects/agnitra/gallery/GURU VANI/17 (6).png
assets/projects/agnitra/gallery/GURU VANI/17 (7).png
assets/projects/agnitra/gallery/GURU VANI/17 (8).png
assets/projects/agnitra/gallery/GURU VANI/17 (9).png
assets/projects/agnitra/gallery/GURU VANI/3 (1).png
assets/projects/agnitra/gallery/GURU VANI/3 (2).png
assets/projects/agnitra/gallery/GURU VANI/3 (3).png
assets/projects/agnitra/gallery/GURU VANI/3 (4).png
assets/projects/agnitra/gallery/GURU VANI/3 (5).png
assets/projects/agnitra/gallery/GURU VANI/4 (1).png
assets/projects/agnitra/gallery/GURU VANI/4 (2).png
assets/projects/agnitra/gallery/GURU VANI/4 (3).png
assets/projects/agnitra/gallery/GURU VANI/4 (4).png
assets/projects/agnitra/gallery/GURU VANI/4 (5).png
assets/projects/agnitra/gallery/GURU VANI/5 (1).png
assets/projects/agnitra/gallery/GURU VANI/5 (2).png
assets/projects/agnitra/gallery/GURU VANI/5 (3).png
assets/projects/agnitra/gallery/GURU VANI/5 (4).png
assets/projects/agnitra/gallery/GURU VANI/5 (5).png
assets/projects/agnitra/gallery/GURU VANI/6 (1).png
assets/projects/agnitra/gallery/GURU VANI/6 (2).png
assets/projects/agnitra/gallery/GURU VANI/6 (3).png
assets/projects/agnitra/gallery/GURU VANI/6 (4).png
assets/projects/agnitra/gallery/GURU VANI/6 (5).png
assets/projects/agnitra/gallery/GURU VANI/7 (1).png
assets/projects/agnitra/gallery/GURU VANI/7 (2).png
assets/projects/agnitra/gallery/GURU VANI/7 (3).png
assets/projects/agnitra/gallery/GURU VANI/7 (4).png
assets/projects/agnitra/gallery/GURU VANI/7 (5).png
assets/projects/agnitra/gallery/GURU VANI/7 (6).png
assets/projects/agnitra/gallery/GURU VANI/8 (1).png
assets/projects/agnitra/gallery/GURU VANI/8 (2).png
assets/projects/agnitra/gallery/GURU VANI/8 (3).png
assets/projects/agnitra/gallery/GURU VANI/8 (4).png
assets/projects/agnitra/gallery/GURU VANI/tantra thumbnail 01.png
assets/projects/agnitra/gallery/Ganesh Sadhana 7-17 online 03.png
assets/projects/agnitra/gallery/Ganesh Sadhana 7-17 online 04.png
assets/projects/agnitra/gallery/Ganesh Sadhana 7-17 online 05.png
assets/projects/agnitra/gallery/Ganesh Sadhana 7-17 online 06.png
assets/projects/agnitra/gallery/Ganesh Sadhana 7-17 online 07.png
assets/projects/agnitra/gallery/Ganesh Sadhana 7-17 online 08.png
assets/projects/agnitra/gallery/Ganesh Sadhana 7-17 online 09.png
assets/projects/agnitra/gallery/Ganesh Sadhana 7-17 online Google forms 1600x400.png
assets/projects/agnitra/gallery/Ganesh Sadhana 7-17 online.png
assets/projects/agnitra/gallery/Ganesh Sadhana 7-17 online_Mesa de trabajo 1.png
assets/projects/agnitra/gallery/Ganesh chaturthi blog banner.png
assets/projects/agnitra/gallery/Ganesh chaturthi blog.png
assets/projects/agnitra/gallery/Ganesh sadhana banner.png
assets/projects/agnitra/gallery/Ganesh sadhana post.png
assets/projects/agnitra/gallery/Happy New Year 2024.png
assets/projects/agnitra/gallery/Hind Award.png
assets/projects/agnitra/gallery/Holi In vrindavan 01.png
assets/projects/agnitra/gallery/Holi In vrindavan 02.png
assets/projects/agnitra/gallery/Holi Mahotsav/1.png
assets/projects/agnitra/gallery/Holi Mahotsav/10.png
assets/projects/agnitra/gallery/Holi Mahotsav/11.png
assets/projects/agnitra/gallery/Holi Mahotsav/12.png
assets/projects/agnitra/gallery/Holi Mahotsav/13.png
assets/projects/agnitra/gallery/Holi Mahotsav/2.png
assets/projects/agnitra/gallery/Holi Mahotsav/3.png
assets/projects/agnitra/gallery/Holi Mahotsav/4.png
assets/projects/agnitra/gallery/Holi Mahotsav/5.png
assets/projects/agnitra/gallery/Holi Mahotsav/6.png
assets/projects/agnitra/gallery/Holi Mahotsav/7.png
assets/projects/agnitra/gallery/Holi Mahotsav/8.png
assets/projects/agnitra/gallery/Holi Mahotsav/9.png
assets/projects/agnitra/gallery/JANUARY/1.png
assets/projects/agnitra/gallery/JANUARY/26 January.png
assets/projects/agnitra/gallery/JANUARY/Amavasya.png
assets/projects/agnitra/gallery/JANUARY/KALASTAMI VRAT.png
assets/projects/agnitra/gallery/JANUARY/Level 3 January 2024.png
assets/projects/agnitra/gallery/JANUARY/Pradosh Vrat & Masik Shivratri.png
assets/projects/agnitra/gallery/JANUARY/Safala Ekadashi.png
assets/projects/agnitra/gallery/JANUARY/level 1& 2 January 2024.png
assets/projects/agnitra/gallery/JANUARY/level 4 & 5 January 2024.png
assets/projects/agnitra/gallery/JANUARY/lohri wishes.png
assets/projects/agnitra/gallery/JANUARY/makar sankranti.png
assets/projects/agnitra/gallery/Janmashtami/Janmashtami 01-03.png
assets/projects/agnitra/gallery/Janmashtami/Janmashtami 01-04.png
assets/projects/agnitra/gallery/Janmashtami/Janmashtami 01.png
assets/projects/agnitra/gallery/Janmashtami/Janmashtami 02-03.png
assets/projects/agnitra/gallery/Janmashtami/Janmashtami 02-04.png
assets/projects/agnitra/gallery/Janmashtami/Janmashtami 03-01.png
assets/projects/agnitra/gallery/Janmashtami/Janmashtami 04.png
assets/projects/agnitra/gallery/Janmashtami/Janmashtami 05.png
assets/projects/agnitra/gallery/Janmashtami/Janmashtami wish.png
assets/projects/agnitra/gallery/Janmashtami/Krishna janmashtami/3.png
assets/projects/agnitra/gallery/Janmashtami/Krishna janmashtami/4.png
assets/projects/agnitra/gallery/Janmashtami/Krishna janmashtami/कृष्ण जन्माष्टमी का खास तरीका.png
assets/projects/agnitra/gallery/Janmashtami/Krishna janmashtami/कैसे मनाये कृष्ण जन्माष्टमी.png
assets/projects/agnitra/gallery/July/KALASTAMI VRAT.png
assets/projects/agnitra/gallery/July/Pradosh Vrat shukla paksh.png
assets/projects/agnitra/gallery/July/Purnima Vrat.png
assets/projects/agnitra/gallery/July/Rohini Vrat March.png
assets/projects/agnitra/gallery/July/Sankashti Chaturthi.png
assets/projects/agnitra/gallery/July/Satya vrat.png
assets/projects/agnitra/gallery/June/Amavasya.png
assets/projects/agnitra/gallery/June/Angarki Chaturthi.png
assets/projects/agnitra/gallery/June/Chandra Darshan.png
assets/projects/agnitra/gallery/June/Durga Astami Vrat.png
assets/projects/agnitra/gallery/June/KALASTAMI VRAT.png
assets/projects/agnitra/gallery/June/Pradosh Vrat & Masik Shivratri.png
assets/projects/agnitra/gallery/June/Pradosh Vrat shukla paksh.png
assets/projects/agnitra/gallery/June/Purnima Vrat.png
assets/projects/agnitra/gallery/June/Rohini Vrat.png
assets/projects/agnitra/gallery/June/Sankashti Chaturthi.png
assets/projects/agnitra/gallery/June/Satya vrat.png
assets/projects/agnitra/gallery/June/Skand Sashthi.png
assets/projects/agnitra/gallery/June/Vat savitri puja.png
assets/projects/agnitra/gallery/June/kabir das jayanti.png
assets/projects/agnitra/gallery/June/somvar vrat.png
assets/projects/agnitra/gallery/June/varad chaturthi.png
assets/projects/agnitra/gallery/June/yoga post/1.png
assets/projects/agnitra/gallery/June/yoga post/2.png
assets/projects/agnitra/gallery/June/yoga post/3.png
assets/projects/agnitra/gallery/LAMA FERA/1.png
assets/projects/agnitra/gallery/LAMA FERA/2.png
assets/projects/agnitra/gallery/LAMA FERA/3.png
assets/projects/agnitra/gallery/LAMA FERA/Agnitra LAMA FERA 02.png
assets/projects/agnitra/gallery/LAMA FERA/Agnitra LAMA FERA 03.png
assets/projects/agnitra/gallery/LAMA FERA/Agnitra LAMA FERA 04.png
assets/projects/agnitra/gallery/LAMA FERA/Agnitra Lama Fera.png
assets/projects/agnitra/gallery/LAMA FERA/Lama Fera 5,6 & 7.png
assets/projects/agnitra/gallery/LAMA FERA/Lama Fera Classes.png
assets/projects/agnitra/gallery/LAMA FERA/Lama Fera workshop.png
assets/projects/agnitra/gallery/LAMA FERA/Webinar Lama Fera 2024 Google forms 1600x400.png
assets/projects/agnitra/gallery/Looking for a daily dose of positivity and practical wisdom to ignite a spark in your life.png
assets/projects/agnitra/gallery/Maa Shailputri.png
assets/projects/agnitra/gallery/March/Amavasya March.png
assets/projects/agnitra/gallery/March/Chandra Darshan.png
assets/projects/agnitra/gallery/March/Dayanand saraswati jayanti - 05 march.png
assets/projects/agnitra/gallery/March/Durga Astami Vrat March.png
assets/projects/agnitra/gallery/March/Happy Maha Shivratri.png
assets/projects/agnitra/gallery/March/Holi in vrindavan.png
assets/projects/agnitra/gallery/March/Pradosh Vrat Mar Krishna.png
assets/projects/agnitra/gallery/March/Pradosh Vrat shukla paksh March.png
assets/projects/agnitra/gallery/March/Purnima Vrat Mar.png
assets/projects/agnitra/gallery/March/Rohini Vrat March.png
assets/projects/agnitra/gallery/March/Sankashti Chaturthi Mar.png
assets/projects/agnitra/gallery/March/Satya vrat Mar.png
assets/projects/agnitra/gallery/March/Skand Sashthi Mar.png
assets/projects/agnitra/gallery/March/debug.log
assets/projects/agnitra/gallery/March/holika dahan.png
assets/projects/agnitra/gallery/March/somvar vrat.png
assets/projects/agnitra/gallery/March/varad chaturthi march.png
assets/projects/agnitra/gallery/May/Agnitra Bhudda Purnima.png
assets/projects/agnitra/gallery/May/Amavasya.png
assets/projects/agnitra/gallery/May/Chandra Darshan.png
assets/projects/agnitra/gallery/May/Durga Astami Vrat.png
assets/projects/agnitra/gallery/May/KALASTAMI VRAT.png
assets/projects/agnitra/gallery/May/Parshuram Jayanti.png
assets/projects/agnitra/gallery/May/Pradosh Vrat Krishna.png
assets/projects/agnitra/gallery/May/Pradosh Vrat shukla paksh.png
assets/projects/agnitra/gallery/May/Rohini Vrat.png
assets/projects/agnitra/gallery/May/Sankashti Chaturthi.png
assets/projects/agnitra/gallery/May/Satya vrat.png
assets/projects/agnitra/gallery/May/Skand Sashthi may.png
assets/projects/agnitra/gallery/May/akshaya tritiya.png
assets/projects/agnitra/gallery/May/masik shivratri.png
assets/projects/agnitra/gallery/May/rabindranath tagore Jayanti.png
assets/projects/agnitra/gallery/May/varad chaturthi.png
assets/projects/agnitra/gallery/NOVEMBER/Bhai Dooj.png
assets/projects/agnitra/gallery/NOVEMBER/Chhatha 01.png
assets/projects/agnitra/gallery/NOVEMBER/Chhatha 02.png
assets/projects/agnitra/gallery/NOVEMBER/Chhatha 03.png
assets/projects/agnitra/gallery/NOVEMBER/Chhatha 04.png
assets/projects/agnitra/gallery/NOVEMBER/Chhatha 05.png
assets/projects/agnitra/gallery/NOVEMBER/Diwali Muhurat.png
assets/projects/agnitra/gallery/NOVEMBER/GurPurab Dev Deepawali.png
assets/projects/agnitra/gallery/NOVEMBER/Level 3 november.png
assets/projects/agnitra/gallery/NOVEMBER/Narak chaturdashi.png
assets/projects/agnitra/gallery/NOVEMBER/Praschit diwas 02 (2).png
assets/projects/agnitra/gallery/NOVEMBER/Praschit diwas.png
assets/projects/agnitra/gallery/NOVEMBER/Prayashchit diwas 03.png
assets/projects/agnitra/gallery/NOVEMBER/Prayashchit diwas.png
assets/projects/agnitra/gallery/NOVEMBER/Shubh dewali.png
assets/projects/agnitra/gallery/NOVEMBER/Somvar vrat (1).png
assets/projects/agnitra/gallery/NOVEMBER/goverdhan puja.png
assets/projects/agnitra/gallery/NOVEMBER/happy dhanteras.png
assets/projects/agnitra/gallery/NOVEMBER/kalastami vrat 05 nov.png
assets/projects/agnitra/gallery/NOVEMBER/kartik purnima (1).png
assets/projects/agnitra/gallery/NOVEMBER/karva chauth 01 nov.png
assets/projects/agnitra/gallery/NOVEMBER/level 1& 2 november.png
assets/projects/agnitra/gallery/NOVEMBER/level 4 & 5 November.png
assets/projects/agnitra/gallery/NOVEMBER/masik durga asthami vrat november.png
assets/projects/agnitra/gallery/NOVEMBER/masik shivratri.png
assets/projects/agnitra/gallery/NOVEMBER/skand sashthi november.png
assets/projects/agnitra/gallery/NOVEMBER/varad chaturthi november.png
assets/projects/agnitra/gallery/NOVEMBER/प्रदोष व्रत.png
assets/projects/agnitra/gallery/Navratri 2024/Maa Bramhacharini.png
assets/projects/agnitra/gallery/Navratri 2024/Maa Kalratri.png
assets/projects/agnitra/gallery/Navratri 2024/Maa Katyayini.png
assets/projects/agnitra/gallery/Navratri 2024/Maa Kushmanda.png
assets/projects/agnitra/gallery/Navratri 2024/Maa Shailputri.png
assets/projects/agnitra/gallery/Navratri 2024/Maa chandraghanta.png
assets/projects/agnitra/gallery/Navratri 2024/Maa mahagauri.png
assets/projects/agnitra/gallery/Navratri 2024/Maa skand mata.png
assets/projects/agnitra/gallery/Navratri 2024/Online Navaratri Sadhana 03-12 october 02.png
assets/projects/agnitra/gallery/Navratri 2024/Online Navaratri Sadhana 03-12 october.png
assets/projects/agnitra/gallery/Navratri 2024/Online Navaratri Sadhana 08 Oct - 12 Oct 2024 02-assets/Online Navaratri Sadhana 08 Oct - 12 Oct 2024 02.png
assets/projects/agnitra/gallery/Navratri 2024/Online Navaratri Sadhana 08 Oct - 12 Oct 2024 02.png
assets/projects/agnitra/gallery/Navratri 2024/Online Navaratri Sadhana 08 Oct - 12 Oct 2024 03-01.png
assets/projects/agnitra/gallery/Navratri 2024/Online Navaratri Sadhana 08 Oct - 12 Oct 2024.png
assets/projects/agnitra/gallery/Navratri 2024/maa Shidhidatri.png
assets/projects/agnitra/gallery/Navratri 2024/इस नवरात्रि करें विशेष उपाय कि हो जीवन में उन्नति.jpg
assets/projects/agnitra/gallery/Navratri 2024/कैसे पाएं पितृ दोष से मुक्ति, जानें आसान उपाय.jpg
assets/projects/agnitra/gallery/Navratri 2024/भक्ति से भरा नवरात्रि का आगमन! Thumbnail.jpg
assets/projects/agnitra/gallery/OCTOBER 23/Chandra Grahan.png
assets/projects/agnitra/gallery/OCTOBER 23/Happy birthday heena by guruji.png
assets/projects/agnitra/gallery/OCTOBER 23/Level 3 october.png
assets/projects/agnitra/gallery/OCTOBER 23/Maa Kushmanda.png
assets/projects/agnitra/gallery/OCTOBER 23/Maha Asthami.png
assets/projects/agnitra/gallery/OCTOBER 23/Maha Navami.png
assets/projects/agnitra/gallery/OCTOBER 23/NAVRATRI/Maa Bramhacharini.png
assets/projects/agnitra/gallery/OCTOBER 23/NAVRATRI/Maa Kalratri.png
assets/projects/agnitra/gallery/OCTOBER 23/NAVRATRI/Maa Katyayini.png
assets/projects/agnitra/gallery/OCTOBER 23/NAVRATRI/Maa chandraghanta.png
assets/projects/agnitra/gallery/OCTOBER 23/NAVRATRI/Maa mahagauri.png
assets/projects/agnitra/gallery/OCTOBER 23/NAVRATRI/Maa skand mata.png
assets/projects/agnitra/gallery/OCTOBER 23/NAVRATRI/maa Shidhidatri.png
assets/projects/agnitra/gallery/OCTOBER 23/NAVRATRI/घटस्थापना.png
assets/projects/agnitra/gallery/OCTOBER 23/Pradosh Vrat shukla paksh.png
assets/projects/agnitra/gallery/OCTOBER 23/Pradosh Vrat.png
assets/projects/agnitra/gallery/OCTOBER 23/Rohini vrat.png
assets/projects/agnitra/gallery/OCTOBER 23/Sarad Purnima.png
assets/projects/agnitra/gallery/OCTOBER 23/Shradh ka mahatva (1).png
assets/projects/agnitra/gallery/OCTOBER 23/Shradha ka mahavta/01.png
assets/projects/agnitra/gallery/OCTOBER 23/Shradha ka mahavta/02.png
assets/projects/agnitra/gallery/OCTOBER 23/Shradha ka mahavta/03.png
assets/projects/agnitra/gallery/OCTOBER 23/Shradha ka mahavta/04.png
assets/projects/agnitra/gallery/OCTOBER 23/Shradha ke prakar/01.png
assets/projects/agnitra/gallery/OCTOBER 23/Shradha ke prakar/02.png
assets/projects/agnitra/gallery/OCTOBER 23/Shradha ke prakar/03.png
assets/projects/agnitra/gallery/OCTOBER 23/Shradha ke prakar/04.png
assets/projects/agnitra/gallery/OCTOBER 23/Shradha ke prakar/05.png
assets/projects/agnitra/gallery/OCTOBER 23/Shradha ke prakar/06.png
assets/projects/agnitra/gallery/OCTOBER 23/Shradha ke prakar/07.png
assets/projects/agnitra/gallery/OCTOBER 23/Shradha ke prakar/08.png
assets/projects/agnitra/gallery/OCTOBER 23/Shradha ke prakar/09.png
assets/projects/agnitra/gallery/OCTOBER 23/Shradha ke prakar/10.png
assets/projects/agnitra/gallery/OCTOBER 23/Shradha ke prakar/11.png
assets/projects/agnitra/gallery/OCTOBER 23/Shradha ke prakar/12.png
assets/projects/agnitra/gallery/OCTOBER 23/Varad chaturthi.png
assets/projects/agnitra/gallery/OCTOBER 23/Vijayadashami.png
assets/projects/agnitra/gallery/OCTOBER 23/agnitra post - Hindi.png
assets/projects/agnitra/gallery/OCTOBER 23/hindu-calendar-2023-october (1).png
assets/projects/agnitra/gallery/OCTOBER 23/kalastami vrat 06 october 23.png
assets/projects/agnitra/gallery/OCTOBER 23/level 1& 2 october.png
assets/projects/agnitra/gallery/OCTOBER 23/level 4 & 5 october.png
assets/projects/agnitra/gallery/OCTOBER 23/maha saptami.png
assets/projects/agnitra/gallery/OCTOBER 23/mahalay amavasya.png
assets/projects/agnitra/gallery/OCTOBER 23/masik shivratri.png
assets/projects/agnitra/gallery/OCTOBER 23/navratri 15 to 24 october.png
assets/projects/agnitra/gallery/OCTOBER 23/skand sashthi.png
assets/projects/agnitra/gallery/October/Chandra Darshan.png
assets/projects/agnitra/gallery/October/Ghatsthapana.png
assets/projects/agnitra/gallery/October/Mahalay Amavasya.png
assets/projects/agnitra/gallery/October/Skand Sashthi.png
assets/projects/agnitra/gallery/October/somvar vrat.png
assets/projects/agnitra/gallery/October/varad chaturthi.png
assets/projects/agnitra/gallery/Pitru Paksh Puja/Pitru Paksh Puja Content from 15 to 30 September.docx
assets/projects/agnitra/gallery/Pitru Paksh Puja/Pitru Paksh Puja post/Blog 01.png
assets/projects/agnitra/gallery/Pitru Paksh Puja/Pitru Paksh Puja post/Blog 02.png
assets/projects/agnitra/gallery/Pitru Paksh Puja/Pitru Paksh Puja post/Blog 03.png
assets/projects/agnitra/gallery/Pitru Paksh Puja/Pitru Paksh Puja post/Blog 04.png
assets/projects/agnitra/gallery/Pitru Paksh Puja/Pitru Paksh Puja post/Blog 05.png
assets/projects/agnitra/gallery/Pitru Paksh Puja/Pitru Paksh Puja post/Blog 06.png
assets/projects/agnitra/gallery/Pitru Paksh Puja/Pitru Paksh Puja post/Blog 07.png
assets/projects/agnitra/gallery/Pitru Paksh Puja/Pitru Paksh Puja post/Pitru Paksh Puja 18-30 september 02.png
assets/projects/agnitra/gallery/Pitru Paksh Puja/Pitru Paksh Puja post/Pitru Paksh Puja 18-30 september 03.png
assets/projects/agnitra/gallery/Pitru Paksh Puja/Pitru Paksh Puja post/Pitru Paksh Puja 18-30 september 04.png
assets/projects/agnitra/gallery/Pitru Paksh Puja/Pitru Paksh Puja post/Pitru Paksh Puja 18-30 september 05.png
assets/projects/agnitra/gallery/Pitru Paksh Puja/Pitru Paksh Puja post/Pitru Paksh Puja 18-30 september 06.png
assets/projects/agnitra/gallery/Pitru Paksh Puja/Pitru Paksh Puja post/Pitru Paksh Puja 18-30 september 07.png
assets/projects/agnitra/gallery/Pitru Paksh Puja/Pitru Paksh Puja post/Pitru Paksh Puja 18-30 september 08.png
assets/projects/agnitra/gallery/Pitru Paksh Puja/Pitru Paksh Puja post/Pitru Paksh Puja 18-30 september 09.png
assets/projects/agnitra/gallery/Pitru Paksh Puja/Pitru Paksh Puja post/Pitru Paksh Puja 18-30 september 10.png
assets/projects/agnitra/gallery/Pitru Paksh Puja/Pitru Paksh Puja post/Pitru Paksh Puja 18-30 september Google forms 1600x400.png
assets/projects/agnitra/gallery/Pitru Paksh Puja/Pitru Paksh Puja post/Pitru Paksh Puja 18-30 september.png
assets/projects/agnitra/gallery/Pitru Paksh Puja/Pitru Paksh Puja post/Thumbnail/Background.png
assets/projects/agnitra/gallery/Pitru Paksh Puja/Pitru Paksh Puja post/Thumbnail/D;k Jk) djuk.png
assets/projects/agnitra/gallery/Pitru Paksh Puja/Pitru Paksh Puja post/Thumbnail/flQZ iq= dk gh.png
assets/projects/agnitra/gallery/Pitru Paksh Puja/Pitru Paksh Puja post/Thumbnail/vf_kdkj gS_.png
assets/projects/agnitra/gallery/Pitru Paksh Puja/Pitru Paksh Puja post/pitra paksha puja & sadhana banner.png
assets/projects/agnitra/gallery/Pitru Paksh Puja/Pitru Paksh Puja post/कैसे पाएं पितृ दोष से मुक्ति, जानें आसान उपाय.jpg
assets/projects/agnitra/gallery/Pitru Paksh Puja/Pitru Paksh Puja post/क्या श्राद्ध करना सिर्फ पुत्र का ही अधिकार है-1-Thumbnail.jpg
assets/projects/agnitra/gallery/Pitru Paksh Puja/Pitru Paksh Puja post/पितृपक्ष में चंद्र ग्रहण - कब और कैसे करें पितरों की पूजा .png
assets/projects/agnitra/gallery/Prayashchit diwas 03.png
assets/projects/agnitra/gallery/Rudra se Milap 02.png
assets/projects/agnitra/gallery/Rudra se Milap 03.png
assets/projects/agnitra/gallery/Rudra se Milap 04.png
assets/projects/agnitra/gallery/Rudra se Milap 05.png
assets/projects/agnitra/gallery/Rudra se Milap 07.png
assets/projects/agnitra/gallery/Rudra se Milap 08.png
assets/projects/agnitra/gallery/Rudra se Milap 09.png
assets/projects/agnitra/gallery/Rudra se Milap 10.png
assets/projects/agnitra/gallery/Rudra se Milap 11.png
assets/projects/agnitra/gallery/Rudra se Milap FB Event Banner.png
assets/projects/agnitra/gallery/Rudra se Milap.png
assets/projects/agnitra/gallery/Satvik Tantra Level 1 & 2 Zoom 31 Aug to 01 Sept Google form.png
assets/projects/agnitra/gallery/Satvik Tantra Level 1 & 2 Zoom 31 Aug to 01 Sept.png
assets/projects/agnitra/gallery/Satvik Tantra Level 1 & 2-Ahmedabad - 02.png
assets/projects/agnitra/gallery/Satvik Tantra Level 1 & 2-Ahmedabad - 03.png
assets/projects/agnitra/gallery/Satvik Tantra Level 1 & 2-Ahmedabad - June 28th, 29th & 30th, 2024.png
assets/projects/agnitra/gallery/Satvik Tantra l 1& 2 2024 Google forms 1600x400.png
assets/projects/agnitra/gallery/Satvik jiwan ka grihast jiwan me prayog.png
assets/projects/agnitra/gallery/Sechdual 2024 1080x1350.png
assets/projects/agnitra/gallery/September/Amavasya.png
assets/projects/agnitra/gallery/September/Chandra Darshan.png
assets/projects/agnitra/gallery/September/Durga Astami Vrat.png
assets/projects/agnitra/gallery/September/Hartalika Teej.png
assets/projects/agnitra/gallery/September/KALASTAMI VRAT.png
assets/projects/agnitra/gallery/September/Pradosh Vrat Krishna.png
assets/projects/agnitra/gallery/September/Pradosh Vrat shukla paksh.png
assets/projects/agnitra/gallery/September/Purnima Vrat.png
assets/projects/agnitra/gallery/September/Rohini Vrat.png
assets/projects/agnitra/gallery/September/Sankashti Chaturthi.png
assets/projects/agnitra/gallery/September/Satya vrat.png
assets/projects/agnitra/gallery/September/Skand Sashthi.png
assets/projects/agnitra/gallery/September/anant chaturdashi.png
assets/projects/agnitra/gallery/September/masik shivratri 30 sept.png
assets/projects/agnitra/gallery/September/masik shivratri.png
assets/projects/agnitra/gallery/September/varad chaturthi.png
assets/projects/agnitra/gallery/September/ऋषि पंचमी.png
assets/projects/agnitra/gallery/September/बुध अष्टमी व्रत.png
assets/projects/agnitra/gallery/Skand Sashthi March.png
assets/projects/agnitra/gallery/Social banner/Agnitra Face book Cover.png
assets/projects/agnitra/gallery/Tantric Guidance & Spiritual Consultation Google form.png
assets/projects/agnitra/gallery/Vasahant panchami.png
assets/projects/agnitra/gallery/Vishwakarma jayanti.png
assets/projects/agnitra/gallery/Wb Banner 150x150px (1920 x 1080 px)/01.png
assets/projects/agnitra/gallery/Wb Banner 150x150px (1920 x 1080 px)/02.png
assets/projects/agnitra/gallery/Wb Banner 150x150px (1920 x 1080 px)/03.png
assets/projects/agnitra/gallery/Wb Banner 150x150px (1920 x 1080 px)/04.png
assets/projects/agnitra/gallery/Wb Banner 150x150px (1920 x 1080 px)/05.png
assets/projects/agnitra/gallery/Wb Banner 150x150px (1920 x 1080 px)/06.png
assets/projects/agnitra/gallery/Web banner 150x150/01.png
assets/projects/agnitra/gallery/Web banner 150x150/02.png
assets/projects/agnitra/gallery/Web banner 150x150/03.png
assets/projects/agnitra/gallery/Web banner 150x150/04.png
assets/projects/agnitra/gallery/Web banner 150x150/05.png
assets/projects/agnitra/gallery/Web banner 150x150/06.png
assets/projects/agnitra/gallery/Web banners 02 (01).png
assets/projects/agnitra/gallery/Webinar 10 Feb 2024.png
assets/projects/agnitra/gallery/Webinar Holi maha utsav 2024 Google forms 1600x400.png
assets/projects/agnitra/gallery/Webinar Rudra se milap 2024 Google forms 1600x400.png
assets/projects/agnitra/gallery/Webinar Vasant panchami 2024 Google forms 1600x400.png
assets/projects/agnitra/gallery/agnitra/AGNITRA 9TH ANNIVERSARY”.png
assets/projects/agnitra/gallery/agnitra/AGNITRA NAKSHATRA .png
assets/projects/agnitra/gallery/agnitra/Agnitra Chantra pati shivaji jayanti.png
assets/projects/agnitra/gallery/agnitra/Agnitra Face book Cover.png
assets/projects/agnitra/gallery/agnitra/Agnitra Foundation Intro.mp3
assets/projects/agnitra/gallery/agnitra/Agnitra Guru Ravidas Jayanti 24 Feb.gif
assets/projects/agnitra/gallery/agnitra/Agnitra Guruji Interviews & talk show links.docx
assets/projects/agnitra/gallery/agnitra/Agnitra Holi.png
assets/projects/agnitra/gallery/agnitra/Agnitra Linkedin Cover (1).png
assets/projects/agnitra/gallery/agnitra/Agnitra Linkedin Cover (2).png
assets/projects/agnitra/gallery/agnitra/Agnitra Linkedin Cover (2000 x 350 px).png
assets/projects/agnitra/gallery/agnitra/Agnitra Linkedin Cover.png
assets/projects/agnitra/gallery/agnitra/Agnitra Rudra Se Milap 01 (1).png
assets/projects/agnitra/gallery/agnitra/Agnitra Rudra Se Milap 01.png
assets/projects/agnitra/gallery/agnitra/Agnitra The Spiritual Path to a Happy Home.png
assets/projects/agnitra/gallery/agnitra/Agnitra Twitter Cover (1).png
assets/projects/agnitra/gallery/agnitra/Agnitra Twitter Cover.png
assets/projects/agnitra/gallery/agnitra/Agnitra visit on 14 feb.png
assets/projects/agnitra/gallery/agnitra/Roadmap (1).xlsx
assets/projects/agnitra/gallery/agnitra/Roadmap.xlsx
assets/projects/agnitra/gallery/agnitra/Social Media Post calender Agnitra.xlsx
assets/projects/agnitra/gallery/agnitra/Yearly Schdule-1 (1).xlsx
assets/projects/agnitra/gallery/agnitra/Yearly Schdule-1.xlsx
assets/projects/agnitra/gallery/agnitra/desktop.ini
assets/projects/agnitra/gallery/tantra thumbnail 01-01.jpg
assets/projects/agnitra/gallery/tantra thumbnail 01.jpg
assets/projects/agnitra/gallery/tantra thumbnail 02-02.jpg
assets/projects/agnitra/gallery/tantra thumbnail 02-assets/tantra thumbnail 02.png
assets/projects/agnitra/gallery/tantra thumbnail 02.jpg
assets/projects/agnitra/gallery/tantra thumbnail 03.jpg
assets/projects/agnitra/gallery/tantra thumbnail 03.png
assets/projects/agnitra/gallery/tantra thumbnail 04-assets/tantra thumbnail 04.png
assets/projects/agnitra/gallery/tantra thumbnail 04.jpg
assets/projects/agnitra/gallery/tantra thumbnail 05-assets/tantra thumbnail 05.png
assets/projects/agnitra/gallery/tantra thumbnail 05.jpg
assets/projects/agnitra/gallery/tantra thumbnail 06.jpg
assets/projects/agnitra/gallery/tantra thumbnail 06.png
assets/projects/agnitra/gallery/tantra thumbnail 07.jpg
assets/projects/agnitra/gallery/tantra thumbnail 08.jpg
assets/projects/agnitra/gallery/valmiki jayanti 01.png
assets/projects/agnitra/gallery/क्यों होते हैं गणेश जी हर शुभ कार्य में प्रथम पूज्य .jpg
assets/projects/agnitra/gallery/गणेश जी का एकदंत.png
assets/projects/agnitra/gallery/गणेश जी की पूजा का समय.png
assets/projects/agnitra/gallery/जानिए गुरु का क्या है आपके जीवन में अर्थ.png
assets/projects/agnitra/gallery/परंपरा Astro Fest/Astro temp-assets/Astro temp.png
assets/projects/agnitra/gallery/परंपरा Astro Fest/ज्योतिष महा मेला (Mobile Video).jpg
assets/projects/agnitra/gallery/प्राचीन गणेश मंत्रों से पाएं हर लक्ष्य को साधने की शक्ति.jpg
assets/projects/agnitra/gallery/भगवान श्रीराम की कृपा पाने का मार्ग.png
assets/projects/agnitra/gallery/व्यापार में सफलता का मंत्र 01.png
assets/projects/agnitra/gallery/शत्रु विनाश हवन से पाएं बुरी सोच पर विजय.png
assets/projects/automobile-villa/gallery/1.png
assets/projects/automobile-villa/gallery/2.png
assets/projects/automobile-villa/gallery/3.png
assets/projects/automobile-villa/gallery/Automobile villa Car accesories.png
assets/projects/automobile-villa/gallery/Automobile villa Car accessories 02.png
assets/projects/automobile-villa/gallery/Automobile villa Car accessories 03.png
assets/projects/automobile-villa/gallery/Automobile villa Ford Accessories.png
assets/projects/automobile-villa/gallery/CARDI AMBIENCE LIGHT FOR FORTUNER.png
assets/projects/automobile-villa/gallery/Fortuner LEGENDER ORIGINAL LIKE GR KIT 01.png
assets/projects/automobile-villa/gallery/Fortuner LEGENDER ORIGINAL LIKE GR KIT 02.png
assets/projects/automobile-villa/gallery/POLO - GTI UPGRADE KIT (1).png
assets/projects/automobile-villa/gallery/POLO - GTI UPGRADE KIT (2).png
assets/projects/automobile-villa/gallery/POLO - GTI UPGRADE KIT (3).png
assets/projects/automobile-villa/gallery/POLO - GTI UPGRADE KIT (4).png
assets/projects/automobile-villa/gallery/POLO - GTI UPGRADE KIT (5).png
assets/projects/automobile-villa/gallery/POLO STEERING WHEEL.png
assets/projects/automobile-villa/gallery/Polo CONVERSION KIT/1.png
assets/projects/automobile-villa/gallery/Polo CONVERSION KIT/2.png
assets/projects/automobile-villa/gallery/Polo CONVERSION KIT/3.png
assets/projects/automobile-villa/gallery/Polo CONVERSION KIT/4.png
assets/projects/automobile-villa/gallery/Polo CONVERSION KIT/5.png
assets/projects/automobile-villa/gallery/Thar Accesserise.png
assets/projects/automobile-villa/gallery/independence day.png
assets/projects/craftech/gallery/2.png
assets/projects/craftech/gallery/Asset 2.png
assets/projects/craftech/gallery/CRAFTECH CARD PRINT.png
assets/projects/craftech/gallery/Screenshot 2023-11-24 183558.png
assets/projects/craftech/gallery/Screenshot 2023-11-24 183617.png
assets/projects/craftech/gallery/Screenshot 2023-11-24 183621.png
assets/projects/craftech/gallery/Screenshot 2023-11-24 183626.png
assets/projects/craftech/gallery/Screenshot 2023-11-24 183634.png
assets/projects/craftech/gallery/Screenshot 2023-11-24 183639.png
assets/projects/dhaam/gallery/Dhama Mobile UI PDF.pdf
assets/projects/dhaam/gallery/Dhama Mobile UI PNG/Mobile success-1.png
assets/projects/dhaam/gallery/Dhama Mobile UI PNG/Mobile success.png
assets/projects/dhaam/gallery/Dhama Mobile UI PNG/iPhone 13 Pro Max - 44.png
assets/projects/dhaam/gallery/Dhama Mobile UI PNG/iPhone 13 Pro Max - 46.png
assets/projects/dhaam/gallery/Dhama Mobile UI PNG/iPhone 13 Pro Max - 47.png
assets/projects/dhaam/gallery/Dhama Mobile UI PNG/iPhone 13 Pro Max - 48.png
assets/projects/dhaam/gallery/Dhama Mobile UI PNG/iPhone 13 Pro Max - 49.png
assets/projects/dhaam/gallery/Dhama Mobile UI PNG/iPhone 13 Pro Max - 50.png
assets/projects/dhaam/gallery/Dhama Mobile UI PNG/intro with mobile OTp.png
assets/projects/feather-touch/gallery/1.png
assets/projects/feather-touch/gallery/2.png
assets/projects/feather-touch/gallery/Feather Touch Price List/1.png
assets/projects/feather-touch/gallery/Feather Touch Price List/2.png
assets/projects/feather-touch/gallery/Feather Touch Price List/4.png
assets/projects/jgm/gallery/Camp 14 JAn.png
assets/projects/jgm/gallery/ChatGPT Image Apr 29, 2026, 05_41_22 PM.png
assets/projects/jgm/gallery/ChatGPT Image Apr 29, 2026, 06_14_05 PM.png
assets/projects/jgm/gallery/Chhatishgarh Stahpana.png
assets/projects/jgm/gallery/Happy Dhanteras.png
assets/projects/jgm/gallery/JGM - Sehat ki Baat 24 to 31 july.txt
assets/projects/jgm/gallery/JGM 20 x 20 Final.jpg
assets/projects/jgm/gallery/JGM HOSPITAL DIWALI.png
assets/projects/jgm/gallery/JGM Hareli Post.png
assets/projects/jgm/gallery/JGM Independence day final.png
assets/projects/jgm/gallery/JGM Independence day.png
assets/projects/jgm/gallery/JGM Post 05.png
assets/projects/jgm/gallery/JGM Post तांबे के बर्तन में पानी पीने के फायदे.png
assets/projects/jgm/gallery/WhatsApp Image 2025-09-13 at 08.27.36.jpeg
assets/projects/jgm/gallery/jgm R.png
assets/projects/jgm/gallery/jgm post lalita.png
assets/projects/jgm/gallery/jgm post.jpeg
assets/projects/jgm/gallery/jgm post.png
assets/projects/jgm/gallery/jgm.png
assets/projects/jgm/gallery/बरसात के मौसम में बीमारियों से बचाव.png
assets/projects/jgm/gallery/स्वस्थ नारी – सशक्त परिवार अभियान.png
assets/projects/kanha-tofu/gallery/WhatsApp Image 2025-09-20 at 10.35.16 AM (1).jpeg
assets/projects/kanha-tofu/gallery/WhatsApp Image 2025-09-20 at 10.35.16 AM.jpeg
assets/projects/little-stars/gallery/02 Little Stars 1350px X 1080px.png
assets/projects/little-stars/gallery/Little stars 08.png
assets/projects/little-stars/gallery/little stars 02.png
assets/projects/little-stars/gallery/little stars 03.png
assets/projects/little-stars/gallery/little stars 05.png
assets/projects/livehostpe/gallery/4.png
assets/projects/livehostpe/gallery/Advanced Hosting + Domain COMBO.png
assets/projects/livehostpe/gallery/Improve Your Website with Livehostpe Hosting Services.png
assets/projects/livehostpe/gallery/Independence day.png
assets/projects/livehostpe/gallery/Live Hostpe post 16.png
assets/projects/livehostpe/gallery/Live hostpe post 15.png
assets/projects/livehostpe/gallery/LiveHostpe post 02.png
assets/projects/livehostpe/gallery/LiveHostpe post 03.png
assets/projects/livehostpe/gallery/LiveHostpe post 05.png
assets/projects/livehostpe/gallery/LiveHostpe post 07.png
assets/projects/livehostpe/gallery/LiveHostpe post 09.png
assets/projects/livehostpe/gallery/LiveHostpe post 10.png
assets/projects/livehostpe/gallery/LiveHostpe post 11.png
assets/projects/livehostpe/gallery/LiveHostpe post 12.png
assets/projects/livehostpe/gallery/LiveHostpe post 13.png
assets/projects/livehostpe/gallery/LiveHostpe post 14.png
assets/projects/livehostpe/gallery/LiveHostpe post 15.png
assets/projects/livehostpe/gallery/LiveHostpe post 17.png
assets/projects/livehostpe/gallery/LiveHostpe’s Website Builder!.png
assets/projects/livehostpe/gallery/Livehostpe Linkedin Banner.png
assets/projects/livehostpe/gallery/Logo (1).png
assets/projects/livehostpe/gallery/Logo (2).png
assets/projects/livehostpe/gallery/Logo (3).png
assets/projects/livehostpe/gallery/Logo (4).png
assets/projects/livehostpe/gallery/Logo (5).png
assets/projects/livehostpe/gallery/Logo New.png
assets/projects/livehostpe/gallery/Rakhi 01-01.png
assets/projects/livehostpe/gallery/Rakhi 02-01.png
assets/projects/livehostpe/gallery/Rakhi 03.png
assets/projects/livehostpe/gallery/Rakhi 04.png
assets/projects/luxury-club/gallery/Agusut Newsletter/Luxury August Content Compile.pdf
assets/projects/luxury-club/gallery/Agusut Newsletter/Luxury Newsletter August.pdf
assets/projects/luxury-club/gallery/April News Letter/435340206_888769449926598_6392636906343783503_n.jpg
assets/projects/luxury-club/gallery/April News Letter/438128179_10232501238175507_4001634741205305323_n.jpg
assets/projects/luxury-club/gallery/April News Letter/439150490_10232496437815501_3859683392399890927_n.jpg
assets/projects/luxury-club/gallery/April News Letter/440794600_10232501237695495_6943113773347653352_n.jpg
assets/projects/luxury-club/gallery/April News Letter/April Newsletter content.txt
assets/projects/luxury-club/gallery/April News Letter/Eid/436280204_895740302562846_8338118284547861931_n.jpg
assets/projects/luxury-club/gallery/April News Letter/Eid/436293862_895740305896179_838743045532974099_n.jpg
assets/projects/luxury-club/gallery/April News Letter/Eid/436341597_895740409229502_7253050937767937841_n.jpg
assets/projects/luxury-club/gallery/April News Letter/Eid/436597967_895740422562834_1692566697135243539_n.jpg
assets/projects/luxury-club/gallery/April News Letter/Eid/436896454_895740309229512_3751337320452201240_n.jpg
assets/projects/luxury-club/gallery/April News Letter/Eid/437171145_895740489229494_7657226257414632527_n.jpg
assets/projects/luxury-club/gallery/April News Letter/Eid/437365471_895740405896169_8091698451691700437_n.jpg
assets/projects/luxury-club/gallery/April News Letter/IMG_6805 copy.jpg
assets/projects/luxury-club/gallery/April News Letter/Luxury Newsletter April.pdf
assets/projects/luxury-club/gallery/April News Letter/Shangrila/439068081_10232461726507740_4241723454999539116_n.jpg
assets/projects/luxury-club/gallery/April News Letter/Shangrila/439073962_10232461730107830_8079838754344302549_n.jpg
assets/projects/luxury-club/gallery/April News Letter/Shangrila/439075668_10232461727107755_5523877027838575802_n.jpg
assets/projects/luxury-club/gallery/April News Letter/Shangrila/439076335_10232461725387712_8829352534207160651_n.jpg
assets/projects/luxury-club/gallery/April News Letter/Shangrila/439078463_10232461722947651_4665398249506233527_n.jpg
assets/projects/luxury-club/gallery/April News Letter/Shangrila/439079256_10232461725787722_977230358671310540_n.jpg
assets/projects/luxury-club/gallery/April News Letter/Shangrila/439079259_10232461731387862_1997136194960762425_n.jpg
assets/projects/luxury-club/gallery/April News Letter/Shangrila/439086591_10232461732227883_7250155352037935970_n.jpg
assets/projects/luxury-club/gallery/April News Letter/Shangrila/439086660_10232461729787822_603389434004823354_n.jpg
assets/projects/luxury-club/gallery/April News Letter/Shangrila/439086889_10232461732747896_1511915324806266106_n.jpg
assets/projects/luxury-club/gallery/April News Letter/Shangrila/439091077_10232461730707845_9096104996735308793_n.jpg
assets/projects/luxury-club/gallery/April News Letter/Shangrila/439094300_10232461726707745_7061292358901593982_n.jpg
assets/projects/luxury-club/gallery/April News Letter/Shangrila/439094913_10232461732467889_8062534579275969554_n.jpg
assets/projects/luxury-club/gallery/April News Letter/Shangrila/439094918_10232461727227758_3819124278090716400_n.jpg
assets/projects/luxury-club/gallery/April News Letter/Shangrila/439101134_10232461726027728_1309108476203758035_n.jpg
assets/projects/luxury-club/gallery/April News Letter/Shangrila/439111652_10232461731267859_9039577244562716556_n.jpg
assets/projects/luxury-club/gallery/April News Letter/Shangrila/439115088_10232461731667869_6433144277804550917_n.jpg
assets/projects/luxury-club/gallery/April News Letter/Shangrila/439115534_10232461699427063_3933799356200833336_n.jpg
assets/projects/luxury-club/gallery/April News Letter/Shangrila/439117643_10232461726387737_7411664661984604840_n.jpg
assets/projects/luxury-club/gallery/April News Letter/Shangrila/439121082_10232461722547641_3852702920113228845_n.jpg
assets/projects/luxury-club/gallery/April News Letter/Shangrila/439124079_10232461731467864_539453772972384393_n.jpg
assets/projects/luxury-club/gallery/April News Letter/Shangrila/439127517_10232461727427763_1312345843498454682_n.jpg
assets/projects/luxury-club/gallery/April News Letter/Shangrila/439139826_10232461726947751_7411861607507670781_n.jpg
assets/projects/luxury-club/gallery/April News Letter/Shangrila/439146256_10232461725507715_5691628369902774271_n.jpg
assets/projects/luxury-club/gallery/April News Letter/Shangrila/439150846_10232461725267709_4909929794108975158_n.jpg
assets/projects/luxury-club/gallery/April News Letter/Shangrila/439154494_10232461730307835_8441212046930721468_n.jpg
assets/projects/luxury-club/gallery/April News Letter/Shangrila/439162305_10232461730787847_6373727836669085598_n.jpg
assets/projects/luxury-club/gallery/April News Letter/Shangrila/439223237_10232461731107855_6721633499075945955_n.jpg
assets/projects/luxury-club/gallery/April News Letter/Shangrila/439223316_10232461720947601_4813492665394183392_n.jpg
assets/projects/luxury-club/gallery/April News Letter/WhatsApp Image 2024-04-04 at 10.10.57 AM.jpeg
assets/projects/luxury-club/gallery/April News Letter/WhatsApp Image 2024-04-05 at 12.11.31 PM.jpeg
assets/projects/luxury-club/gallery/April News Letter/WhatsApp Image 2024-04-08 at 10.04.07 AM.jpeg
assets/projects/luxury-club/gallery/April News Letter/WhatsApp Image 2024-04-10 at 1.44.58 PM.jpeg
assets/projects/luxury-club/gallery/April News Letter/WhatsApp Image 2024-04-13 at 11.56.31 AM (1).jpeg
assets/projects/luxury-club/gallery/April News Letter/WhatsApp Image 2024-04-13 at 11.56.31 AM.jpeg
assets/projects/luxury-club/gallery/April News Letter/Womennovator - We Pitch Photos/AKS-1.jpg
assets/projects/luxury-club/gallery/April News Letter/Womennovator - We Pitch Photos/AKS-10.jpg
assets/projects/luxury-club/gallery/April News Letter/Womennovator - We Pitch Photos/AKS-11.jpg
assets/projects/luxury-club/gallery/April News Letter/Womennovator - We Pitch Photos/AKS-12.jpg
assets/projects/luxury-club/gallery/April News Letter/Womennovator - We Pitch Photos/AKS-13.jpg
assets/projects/luxury-club/gallery/April News Letter/Womennovator - We Pitch Photos/AKS-14.jpg
assets/projects/luxury-club/gallery/April News Letter/Womennovator - We Pitch Photos/AKS-15.jpg
assets/projects/luxury-club/gallery/April News Letter/Womennovator - We Pitch Photos/AKS-16.jpg
assets/projects/luxury-club/gallery/April News Letter/Womennovator - We Pitch Photos/AKS-17.jpg
assets/projects/luxury-club/gallery/April News Letter/Womennovator - We Pitch Photos/AKS-18.jpg
assets/projects/luxury-club/gallery/April News Letter/Womennovator - We Pitch Photos/AKS-19.jpg
assets/projects/luxury-club/gallery/April News Letter/Womennovator - We Pitch Photos/AKS-2.jpg
assets/projects/luxury-club/gallery/April News Letter/Womennovator - We Pitch Photos/AKS-20.jpg
assets/projects/luxury-club/gallery/April News Letter/Womennovator - We Pitch Photos/AKS-21.jpg
assets/projects/luxury-club/gallery/April News Letter/Womennovator - We Pitch Photos/AKS-22.jpg
assets/projects/luxury-club/gallery/April News Letter/Womennovator - We Pitch Photos/AKS-23.jpg
assets/projects/luxury-club/gallery/April News Letter/Womennovator - We Pitch Photos/AKS-24.jpg
assets/projects/luxury-club/gallery/April News Letter/Womennovator - We Pitch Photos/AKS-25.jpg
assets/projects/luxury-club/gallery/April News Letter/Womennovator - We Pitch Photos/AKS-26.jpg
assets/projects/luxury-club/gallery/April News Letter/Womennovator - We Pitch Photos/AKS-27.jpg
assets/projects/luxury-club/gallery/April News Letter/Womennovator - We Pitch Photos/AKS-28.jpg
assets/projects/luxury-club/gallery/April News Letter/Womennovator - We Pitch Photos/AKS-29.jpg
assets/projects/luxury-club/gallery/April News Letter/Womennovator - We Pitch Photos/AKS-3.jpg
assets/projects/luxury-club/gallery/April News Letter/Womennovator - We Pitch Photos/AKS-30.jpg
assets/projects/luxury-club/gallery/April News Letter/Womennovator - We Pitch Photos/AKS-31.jpg
assets/projects/luxury-club/gallery/April News Letter/Womennovator - We Pitch Photos/AKS-32.jpg
assets/projects/luxury-club/gallery/April News Letter/Womennovator - We Pitch Photos/AKS-33.jpg
assets/projects/luxury-club/gallery/April News Letter/Womennovator - We Pitch Photos/AKS-34.jpg
assets/projects/luxury-club/gallery/April News Letter/Womennovator - We Pitch Photos/AKS-35.jpg
assets/projects/luxury-club/gallery/April News Letter/Womennovator - We Pitch Photos/AKS-36.jpg
assets/projects/luxury-club/gallery/April News Letter/Womennovator - We Pitch Photos/AKS-37.jpg
assets/projects/luxury-club/gallery/April News Letter/Womennovator - We Pitch Photos/AKS-38.jpg
assets/projects/luxury-club/gallery/April News Letter/Womennovator - We Pitch Photos/AKS-39.jpg
assets/projects/luxury-club/gallery/April News Letter/Womennovator - We Pitch Photos/AKS-4.jpg
assets/projects/luxury-club/gallery/April News Letter/Womennovator - We Pitch Photos/AKS-40.jpg
assets/projects/luxury-club/gallery/April News Letter/Womennovator - We Pitch Photos/AKS-41.jpg
assets/projects/luxury-club/gallery/April News Letter/Womennovator - We Pitch Photos/AKS-42.jpg
assets/projects/luxury-club/gallery/April News Letter/Womennovator - We Pitch Photos/AKS-43.jpg
assets/projects/luxury-club/gallery/April News Letter/Womennovator - We Pitch Photos/AKS-44.jpg
assets/projects/luxury-club/gallery/April News Letter/Womennovator - We Pitch Photos/AKS-5.jpg
assets/projects/luxury-club/gallery/April News Letter/Womennovator - We Pitch Photos/AKS-6.jpg
assets/projects/luxury-club/gallery/April News Letter/Womennovator - We Pitch Photos/AKS-7.jpg
assets/projects/luxury-club/gallery/April News Letter/Womennovator - We Pitch Photos/AKS-8.jpg
assets/projects/luxury-club/gallery/April News Letter/Womennovator - We Pitch Photos/AKS-9.jpg
assets/projects/luxury-club/gallery/April News Letter/Womennovator - We Pitch Photos/Header/Layer 0.png
assets/projects/luxury-club/gallery/April News Letter/Womennovator - We Pitch Photos/Header/Layer 1.png
assets/projects/luxury-club/gallery/April News Letter/Womennovator - We Pitch Photos/Header/Layer 2.png
assets/projects/luxury-club/gallery/April News Letter/Womennovator - We Pitch Photos/IMG_20240426_141643_398.png
assets/projects/luxury-club/gallery/April News Letter/Womennovator - We Pitch Photos/IMG_20240426_141838_134.png
assets/projects/luxury-club/gallery/April News Letter/Womennovator - We Pitch Photos/Luxury - Womanovator/1.png
assets/projects/luxury-club/gallery/April News Letter/Womennovator - We Pitch Photos/Luxury - Womanovator/10.png
assets/projects/luxury-club/gallery/April News Letter/Womennovator - We Pitch Photos/Luxury - Womanovator/11.png
assets/projects/luxury-club/gallery/April News Letter/Womennovator - We Pitch Photos/Luxury - Womanovator/12.png
assets/projects/luxury-club/gallery/April News Letter/Womennovator - We Pitch Photos/Luxury - Womanovator/13.png
assets/projects/luxury-club/gallery/April News Letter/Womennovator - We Pitch Photos/Luxury - Womanovator/14.png
assets/projects/luxury-club/gallery/April News Letter/Womennovator - We Pitch Photos/Luxury - Womanovator/15.png
assets/projects/luxury-club/gallery/April News Letter/Womennovator - We Pitch Photos/Luxury - Womanovator/16.png
assets/projects/luxury-club/gallery/April News Letter/Womennovator - We Pitch Photos/Luxury - Womanovator/17.png
assets/projects/luxury-club/gallery/April News Letter/Womennovator - We Pitch Photos/Luxury - Womanovator/18.png
assets/projects/luxury-club/gallery/April News Letter/Womennovator - We Pitch Photos/Luxury - Womanovator/19.png
assets/projects/luxury-club/gallery/April News Letter/Womennovator - We Pitch Photos/Luxury - Womanovator/2.png
assets/projects/luxury-club/gallery/April News Letter/Womennovator - We Pitch Photos/Luxury - Womanovator/20.png
assets/projects/luxury-club/gallery/April News Letter/Womennovator - We Pitch Photos/Luxury - Womanovator/21.png
assets/projects/luxury-club/gallery/April News Letter/Womennovator - We Pitch Photos/Luxury - Womanovator/22.png
assets/projects/luxury-club/gallery/April News Letter/Womennovator - We Pitch Photos/Luxury - Womanovator/23.png
assets/projects/luxury-club/gallery/April News Letter/Womennovator - We Pitch Photos/Luxury - Womanovator/24.png
assets/projects/luxury-club/gallery/April News Letter/Womennovator - We Pitch Photos/Luxury - Womanovator/25.png
assets/projects/luxury-club/gallery/April News Letter/Womennovator - We Pitch Photos/Luxury - Womanovator/26.png
assets/projects/luxury-club/gallery/April News Letter/Womennovator - We Pitch Photos/Luxury - Womanovator/27.png
assets/projects/luxury-club/gallery/April News Letter/Womennovator - We Pitch Photos/Luxury - Womanovator/28.png
assets/projects/luxury-club/gallery/April News Letter/Womennovator - We Pitch Photos/Luxury - Womanovator/29.png
assets/projects/luxury-club/gallery/April News Letter/Womennovator - We Pitch Photos/Luxury - Womanovator/3.png
assets/projects/luxury-club/gallery/April News Letter/Womennovator - We Pitch Photos/Luxury - Womanovator/30.png
assets/projects/luxury-club/gallery/April News Letter/Womennovator - We Pitch Photos/Luxury - Womanovator/31.png
assets/projects/luxury-club/gallery/April News Letter/Womennovator - We Pitch Photos/Luxury - Womanovator/32.png
assets/projects/luxury-club/gallery/April News Letter/Womennovator - We Pitch Photos/Luxury - Womanovator/33.png
assets/projects/luxury-club/gallery/April News Letter/Womennovator - We Pitch Photos/Luxury - Womanovator/34.png
assets/projects/luxury-club/gallery/April News Letter/Womennovator - We Pitch Photos/Luxury - Womanovator/35.png
assets/projects/luxury-club/gallery/April News Letter/Womennovator - We Pitch Photos/Luxury - Womanovator/36.png
assets/projects/luxury-club/gallery/April News Letter/Womennovator - We Pitch Photos/Luxury - Womanovator/37.png
assets/projects/luxury-club/gallery/April News Letter/Womennovator - We Pitch Photos/Luxury - Womanovator/38.png
assets/projects/luxury-club/gallery/April News Letter/Womennovator - We Pitch Photos/Luxury - Womanovator/39.png
assets/projects/luxury-club/gallery/April News Letter/Womennovator - We Pitch Photos/Luxury - Womanovator/4.png
assets/projects/luxury-club/gallery/April News Letter/Womennovator - We Pitch Photos/Luxury - Womanovator/40.png
assets/projects/luxury-club/gallery/April News Letter/Womennovator - We Pitch Photos/Luxury - Womanovator/41.png
assets/projects/luxury-club/gallery/April News Letter/Womennovator - We Pitch Photos/Luxury - Womanovator/42.png
assets/projects/luxury-club/gallery/April News Letter/Womennovator - We Pitch Photos/Luxury - Womanovator/43.png
assets/projects/luxury-club/gallery/April News Letter/Womennovator - We Pitch Photos/Luxury - Womanovator/44.png
assets/projects/luxury-club/gallery/April News Letter/Womennovator - We Pitch Photos/Luxury - Womanovator/5.png
assets/projects/luxury-club/gallery/April News Letter/Womennovator - We Pitch Photos/Luxury - Womanovator/6.png
assets/projects/luxury-club/gallery/April News Letter/Womennovator - We Pitch Photos/Luxury - Womanovator/7.png
assets/projects/luxury-club/gallery/April News Letter/Womennovator - We Pitch Photos/Luxury - Womanovator/8.png
assets/projects/luxury-club/gallery/April News Letter/Womennovator - We Pitch Photos/Luxury - Womanovator/9.png
assets/projects/luxury-club/gallery/April News Letter/Womennovator - We Pitch Photos/original_ddc73260-0e16-47f6-af99-550cf5c1f75d_Screenshot_20240426-143005.png
assets/projects/luxury-club/gallery/July Newsletter/Luxury July Newsletter Compile File.pdf
assets/projects/luxury-club/gallery/July Newsletter/Luxury Newsletter July.pdf
assets/projects/luxury-club/gallery/June Newsletter/Luxury Newsletter June 2024.pdf
assets/projects/luxury-club/gallery/June Newsletter/Luxury Newsletter June 2024.pptx
assets/projects/luxury-club/gallery/June Newsletter/Luxury Newsletter June Compile File.docx
assets/projects/luxury-club/gallery/Luxury-Madavi magazine cut 02.png
assets/projects/luxury-club/gallery/March News Letter/ICUNR LUXURY .png
assets/projects/luxury-club/gallery/March News Letter/Luxury Newsletter March.pdf
assets/projects/luxury-club/gallery/March News Letter/media coverage/WhatsApp Image 2024-04-06 at 11.48.58 AM (1).jpeg
assets/projects/luxury-club/gallery/March News Letter/media coverage/WhatsApp Image 2024-04-06 at 11.48.58 AM.jpeg
assets/projects/luxury-club/gallery/March News Letter/media coverage/WhatsApp Image 2024-04-06 at 11.48.59 AM (1).jpeg
assets/projects/luxury-club/gallery/March News Letter/media coverage/WhatsApp Image 2024-04-06 at 11.48.59 AM (2).jpeg
assets/projects/luxury-club/gallery/March News Letter/media coverage/WhatsApp Image 2024-04-06 at 11.48.59 AM.jpeg
assets/projects/luxury-club/gallery/March News Letter/media coverage/WhatsApp Image 2024-04-06 at 11.49.00 AM (1).jpeg
assets/projects/luxury-club/gallery/March News Letter/media coverage/WhatsApp Image 2024-04-06 at 11.49.00 AM (2).jpeg
assets/projects/luxury-club/gallery/March News Letter/media coverage/WhatsApp Image 2024-04-06 at 11.49.00 AM (3).jpeg
assets/projects/luxury-club/gallery/March News Letter/media coverage/WhatsApp Image 2024-04-06 at 11.49.00 AM.jpeg
assets/projects/luxury-club/gallery/March News Letter/media coverage/WhatsApp Image 2024-04-06 at 11.49.01 AM.jpeg
assets/projects/luxury-club/gallery/March News Letter/media coverage/WhatsApp Image 2024-04-06 at 11.50.06 AM (1).jpeg
assets/projects/luxury-club/gallery/March News Letter/media coverage/WhatsApp Image 2024-04-06 at 11.50.06 AM.jpeg
assets/projects/luxury-club/gallery/March News Letter/media coverage/WhatsApp Image 2024-04-06 at 11.50.07 AM.jpeg
assets/projects/luxury-club/gallery/March News Letter/media coverage/WhatsApp Image 2024-04-06 at 11.51.16 AM.jpeg
assets/projects/luxury-club/gallery/March News Letter/media coverage/WhatsApp Image 2024-04-06 at 11.52.32 AM.jpeg
assets/projects/luxury-club/gallery/March News Letter/media coverage/WhatsApp Image 2024-04-06 at 11.56.20 AM (1).jpeg
assets/projects/luxury-club/gallery/March News Letter/media coverage/WhatsApp Image 2024-04-06 at 11.56.20 AM.jpeg
assets/projects/luxury-club/gallery/March News Letter/media coverage/WhatsApp Image 2024-04-06 at 11.56.21 AM (1).jpeg
assets/projects/luxury-club/gallery/March News Letter/media coverage/WhatsApp Image 2024-04-06 at 11.56.21 AM (2).jpeg
assets/projects/luxury-club/gallery/March News Letter/media coverage/WhatsApp Image 2024-04-06 at 11.56.21 AM.jpeg
assets/projects/luxury-club/gallery/March News Letter/media coverage/WhatsApp Image 2024-04-06 at 11.56.22 AM (1).jpeg
assets/projects/luxury-club/gallery/March News Letter/media coverage/WhatsApp Image 2024-04-06 at 11.56.22 AM (2).jpeg
assets/projects/luxury-club/gallery/March News Letter/media coverage/WhatsApp Image 2024-04-06 at 11.56.22 AM.jpeg
assets/projects/luxury-club/gallery/March News Letter/media coverage/WhatsApp Image 2024-04-06 at 11.56.23 AM (1).jpeg
assets/projects/luxury-club/gallery/March News Letter/media coverage/WhatsApp Image 2024-04-06 at 11.56.23 AM (2).jpeg
assets/projects/luxury-club/gallery/March News Letter/media coverage/WhatsApp Image 2024-04-06 at 11.56.23 AM (3).jpeg
assets/projects/luxury-club/gallery/March News Letter/media coverage/WhatsApp Image 2024-04-06 at 11.56.23 AM.jpeg
assets/projects/luxury-club/gallery/March News Letter/media coverage/WhatsApp Image 2024-04-06 at 11.56.24 AM.jpeg
assets/projects/luxury-club/gallery/March News Letter/media coverage/WhatsApp Image 2024-04-06 at 12.02.44 PM.jpeg
assets/projects/luxury-club/gallery/March News Letter/media coverage/WhatsApp Image 2024-04-06 at 12.02.45 PM (1).jpeg
assets/projects/luxury-club/gallery/March News Letter/media coverage/WhatsApp Image 2024-04-06 at 12.02.45 PM (2).jpeg
assets/projects/luxury-club/gallery/March News Letter/media coverage/WhatsApp Image 2024-04-06 at 12.02.45 PM (3).jpeg
assets/projects/luxury-club/gallery/March News Letter/media coverage/WhatsApp Image 2024-04-06 at 12.02.45 PM.jpeg
assets/projects/luxury-club/gallery/March News Letter/media coverage/WhatsApp Image 2024-04-06 at 12.02.46 PM (1).jpeg
assets/projects/luxury-club/gallery/March News Letter/media coverage/WhatsApp Image 2024-04-06 at 12.02.46 PM.jpeg
assets/projects/luxury-club/gallery/March News Letter/media coverage/WhatsApp Image 2024-04-06 at 12.05.06 PM.jpeg
assets/projects/luxury-club/gallery/May Newsletter/Luxury Newsletter May.pdf
assets/projects/luxury-club/gallery/May Newsletter/May Newsletter Compile details.txt
assets/projects/luxury-club/gallery/Post/1350.png
assets/projects/luxury-club/gallery/Post/BMC ADVISORS  POLO Match.png
assets/projects/luxury-club/gallery/Post/Car Rally/431616499_873545138115696_7742061491153458611_n.jpg
assets/projects/luxury-club/gallery/Post/Dussehra celebration.png
assets/projects/luxury-club/gallery/Post/Event - Sponsor.pdf
assets/projects/luxury-club/gallery/Post/FLO EVENT/1.png
assets/projects/luxury-club/gallery/Post/FLO EVENT/2.png
assets/projects/luxury-club/gallery/Post/Join Luxury Club/1.png
assets/projects/luxury-club/gallery/Post/Join Luxury Club/2.png
assets/projects/luxury-club/gallery/Post/Join Luxury Club/3.png
assets/projects/luxury-club/gallery/Post/Krrish Flute.mp3
assets/projects/luxury-club/gallery/Post/Logo 150px W.png
assets/projects/luxury-club/gallery/Post/Luxury - NEW PODCAST VIDEO ALERT.png
assets/projects/luxury-club/gallery/Post/Luxury Business meet & greet  july.png
assets/projects/luxury-club/gallery/Post/Luxury Club X High on Persona Magazine.png
assets/projects/luxury-club/gallery/Post/Luxury Invite Artix 02.png
assets/projects/luxury-club/gallery/Post/Luxury Invite Artix public.png
assets/projects/luxury-club/gallery/Post/Luxury Invite Artix.png
assets/projects/luxury-club/gallery/Post/Luxury Krishna Janmashtami .png
assets/projects/luxury-club/gallery/Post/Luxury Meet & Greet 17th march.png
assets/projects/luxury-club/gallery/Post/Luxury PPT Sponser.pdf
assets/projects/luxury-club/gallery/Post/Luxury Rakhi.png
assets/projects/luxury-club/gallery/Post/Luxury Womans day.png
assets/projects/luxury-club/gallery/Post/Luxury ganesh chaturthi.png
assets/projects/luxury-club/gallery/Post/Luxury holi .png
assets/projects/luxury-club/gallery/Post/Luxury womans day Event/10.png
assets/projects/luxury-club/gallery/Post/Luxury womans day Event/2.png
assets/projects/luxury-club/gallery/Post/Luxury womans day Event/3.png
assets/projects/luxury-club/gallery/Post/Luxury womans day Event/4.png
assets/projects/luxury-club/gallery/Post/Luxury womans day Event/5.png
assets/projects/luxury-club/gallery/Post/Luxury womans day Event/6.png
assets/projects/luxury-club/gallery/Post/Luxury womans day Event/7.png
assets/projects/luxury-club/gallery/Post/Luxury.png
assets/projects/luxury-club/gallery/Post/LuxuryClub logo (1).png
assets/projects/luxury-club/gallery/Post/Madhavi Advani Mothers day article.png
assets/projects/luxury-club/gallery/Post/Madhavi Women's Achievers Award (1)/01 (1).png
assets/projects/luxury-club/gallery/Post/Madhavi Women's Achievers Award (1)/01 (2).png
assets/projects/luxury-club/gallery/Post/Madhavi Women's Achievers Award (1)/01 (3).png
assets/projects/luxury-club/gallery/Post/Madhavi Women's Achievers Award (1)/01 (4).png
assets/projects/luxury-club/gallery/Post/Madhavi Women's Achievers Award (1)/01 (5).png
assets/projects/luxury-club/gallery/Post/Madhavi Women's Achievers Award (1)/01 (6).png
assets/projects/luxury-club/gallery/Post/Madhavi Women's Achievers Award (1)/Award.png
assets/projects/luxury-club/gallery/Post/Madhavi Women's Achievers Award (1)/Woman's Achivers Award.png
assets/projects/luxury-club/gallery/Post/Maha shivratri.png
assets/projects/luxury-club/gallery/Post/New Patron/1.png
assets/projects/luxury-club/gallery/Post/New Patron/2.png
assets/projects/luxury-club/gallery/Post/New Patron/Alisa Eshet Moses.png
assets/projects/luxury-club/gallery/Post/New Patron/Ambica magnotra.png
assets/projects/luxury-club/gallery/Post/New Patron/Amit Gupta.png
assets/projects/luxury-club/gallery/Post/New Patron/Anup Jalota.png
assets/projects/luxury-club/gallery/Post/New Patron/Dr. Inderjit Singh.png
assets/projects/luxury-club/gallery/Post/New Patron/Luxury - Annu jaini.png
assets/projects/luxury-club/gallery/Post/New Patron/Luxury - Charu Gupta.png
assets/projects/luxury-club/gallery/Post/New Patron/Luxury - Deepali Narula.png
assets/projects/luxury-club/gallery/Post/New Patron/Luxury - Gaurav Goyal.png
assets/projects/luxury-club/gallery/Post/New Patron/Luxury - Habib Ahdmed.png
assets/projects/luxury-club/gallery/Post/New Patron/Luxury - Shanker Sahney.png
assets/projects/luxury-club/gallery/Post/New Patron/Luxury Abhay Gupta.png
assets/projects/luxury-club/gallery/Post/New Patron/Luxury Brand Consultation for Pooja Nigam.png
assets/projects/luxury-club/gallery/Post/New Patron/Luxury Club Committee Member Sivani Chawla.png
assets/projects/luxury-club/gallery/Post/New Patron/Luxury Club Member Vijay Sharma.png
assets/projects/luxury-club/gallery/Post/New Patron/Luxury Club Welcomes - Astrid.png
assets/projects/luxury-club/gallery/Post/New Patron/Luxury Club Welcomes - Dr. Teena.png
assets/projects/luxury-club/gallery/Post/New Patron/Luxury Club Welcomes - Reena singh ghai.png
assets/projects/luxury-club/gallery/Post/New Patron/Luxury Club Welcomes - Vikrant Gupta.png
assets/projects/luxury-club/gallery/Post/New Patron/Luxury Club Welcomes Dr. Rajkumar.png
assets/projects/luxury-club/gallery/Post/New Patron/Luxury Club Welcomes Nasir Abdullah (1).png
assets/projects/luxury-club/gallery/Post/New Patron/Luxury Club Welcomes Nasir Abdullah.png
assets/projects/luxury-club/gallery/Post/New Patron/Luxury Club Welcomes RITU RAKHEJA.png
assets/projects/luxury-club/gallery/Post/New Patron/Luxury Club Welcomes Shreya & Vinay.png
assets/projects/luxury-club/gallery/Post/New Patron/Luxury Dr. Amit Goel.png
assets/projects/luxury-club/gallery/Post/New Patron/Luxury Krishn Kanhai .png
assets/projects/luxury-club/gallery/Post/New Patron/Luxury Mukesh W Tyagi.png
assets/projects/luxury-club/gallery/Post/New Patron/Luxury Shalini Arora Kochhar.png
assets/projects/luxury-club/gallery/Post/New Patron/Luxury Shilpa Sapra.png
assets/projects/luxury-club/gallery/Post/New Patron/Luxury Shovana Narayan.png
assets/projects/luxury-club/gallery/Post/New Patron/Luxury club - Dr Rennie Joyy.png
assets/projects/luxury-club/gallery/Post/New Patron/Luxury club - Dr. Sergei Dvorianov.png
assets/projects/luxury-club/gallery/Post/New Patron/Luxury club member - Jyoti singh (1).png
assets/projects/luxury-club/gallery/Post/New Patron/MIREILLE  TOULEKIMA.png
assets/projects/luxury-club/gallery/Post/New Patron/Nidhi Bansal.png
assets/projects/luxury-club/gallery/Post/New Patron/Pankaj Bali.png
assets/projects/luxury-club/gallery/Post/New Patron/Vaibhav Bhargava.png
assets/projects/luxury-club/gallery/Post/New Patron/Vivek jain patrone PSD.png
assets/projects/luxury-club/gallery/Post/Opera Snapshot_2024-08-09_111718_studios566.wordpress.com 01.png
assets/projects/luxury-club/gallery/Post/Opera Snapshot_2024-08-09_111718_studios566.wordpress.com.png
assets/projects/luxury-club/gallery/Post/Opera Snapshot_2024-08-09_112209_www.retropoplifestyle.com 02.png
assets/projects/luxury-club/gallery/Post/Opera Snapshot_2024-08-09_112209_www.retropoplifestyle.com.png
assets/projects/luxury-club/gallery/Post/Polo_Cup_Invitation_madhavi.pdf
assets/projects/luxury-club/gallery/Post/Rang Saree/rang saree madhavi pics/New folder/TUS_1207.JPG
assets/projects/luxury-club/gallery/Post/Rang Saree/rang saree madhavi pics/New folder/TUS_1208.JPG
assets/projects/luxury-club/gallery/Post/Rang Saree/rang saree madhavi pics/New folder/TUS_1209.JPG
assets/projects/luxury-club/gallery/Post/Rang Saree/rang saree madhavi pics/New folder/TUS_1210.JPG
assets/projects/luxury-club/gallery/Post/Rang Saree/rang saree madhavi pics/New folder/TUS_1211.JPG
assets/projects/luxury-club/gallery/Post/Rang Saree/rang saree madhavi pics/New folder/TUS_1212.JPG
assets/projects/luxury-club/gallery/Post/Rang Saree/rang saree madhavi pics/New folder/TUS_1213.JPG
assets/projects/luxury-club/gallery/Post/Rang Saree/rang saree madhavi pics/New folder/TUS_1214.JPG
assets/projects/luxury-club/gallery/Post/Rang Saree/rang saree madhavi pics/New folder/TUS_1215.JPG
assets/projects/luxury-club/gallery/Post/Rang Saree/rang saree madhavi pics/New folder/TUS_1216.JPG
assets/projects/luxury-club/gallery/Post/Rang Saree/rang saree madhavi pics/New folder/TUS_1219.JPG
assets/projects/luxury-club/gallery/Post/Rang Saree/rang saree madhavi pics/New folder/TUS_1220.JPG
assets/projects/luxury-club/gallery/Post/Rang Saree/rang saree madhavi pics/New folder/TUS_1221.JPG
assets/projects/luxury-club/gallery/Post/Rang Saree/rang saree madhavi pics/New folder/TUS_1222.JPG
assets/projects/luxury-club/gallery/Post/Rang Saree/rang saree madhavi pics/New folder/TUS_1223.JPG
assets/projects/luxury-club/gallery/Post/Rang Saree/rang saree madhavi pics/New folder/TUS_1224.JPG
assets/projects/luxury-club/gallery/Post/Rang Saree/rang saree madhavi pics/New folder/TUS_1225.JPG
assets/projects/luxury-club/gallery/Post/Rang Saree/rang saree madhavi pics/New folder/TUS_1226.JPG
assets/projects/luxury-club/gallery/Post/Rang Saree/rang saree madhavi pics/New folder/TUS_1227.JPG
assets/projects/luxury-club/gallery/Post/Rang Saree/rang saree madhavi pics/New folder/TUS_1228.JPG
assets/projects/luxury-club/gallery/Post/Rang Saree/rang saree madhavi pics/TUS_2511.JPG
assets/projects/luxury-club/gallery/Post/Rang Saree/rang saree madhavi pics/TUS_2561.JPG
assets/projects/luxury-club/gallery/Post/Rang Saree/rang saree madhavi pics/TUS_2622.JPG
assets/projects/luxury-club/gallery/Post/Rang Saree/rang saree madhavi pics/TUS_2672.JPG
assets/projects/luxury-club/gallery/Post/Tahzeeb Aur Tyohar Invite.png
assets/projects/luxury-club/gallery/Post/Untitled.pdf
assets/projects/luxury-club/gallery/Post/Veterins awards/Veterens Awards 02.png
assets/projects/luxury-club/gallery/Post/Veterins awards/Veterens Awards with awards.png
assets/projects/luxury-club/gallery/Post/Veterins awards/Veterens Awards.png
assets/projects/luxury-club/gallery/Post/Womans day.png
assets/projects/luxury-club/gallery/Post/Womennovator - We Pitch Photos/AKS-1.jpg
assets/projects/luxury-club/gallery/Post/Womennovator - We Pitch Photos/AKS-10.jpg
assets/projects/luxury-club/gallery/Post/Womennovator - We Pitch Photos/AKS-11.jpg
assets/projects/luxury-club/gallery/Post/Womennovator - We Pitch Photos/AKS-12.jpg
assets/projects/luxury-club/gallery/Post/Womennovator - We Pitch Photos/AKS-13.jpg
assets/projects/luxury-club/gallery/Post/Womennovator - We Pitch Photos/AKS-14.jpg
assets/projects/luxury-club/gallery/Post/Womennovator - We Pitch Photos/AKS-15.jpg
assets/projects/luxury-club/gallery/Post/Womennovator - We Pitch Photos/AKS-16.jpg
assets/projects/luxury-club/gallery/Post/Womennovator - We Pitch Photos/AKS-17.jpg
assets/projects/luxury-club/gallery/Post/Womennovator - We Pitch Photos/AKS-18.jpg
assets/projects/luxury-club/gallery/Post/Womennovator - We Pitch Photos/AKS-19.jpg
assets/projects/luxury-club/gallery/Post/Womennovator - We Pitch Photos/AKS-2.jpg
assets/projects/luxury-club/gallery/Post/Womennovator - We Pitch Photos/AKS-20.jpg
assets/projects/luxury-club/gallery/Post/Womennovator - We Pitch Photos/AKS-21.jpg
assets/projects/luxury-club/gallery/Post/Womennovator - We Pitch Photos/AKS-22.jpg
assets/projects/luxury-club/gallery/Post/Womennovator - We Pitch Photos/AKS-23.jpg
assets/projects/luxury-club/gallery/Post/Womennovator - We Pitch Photos/AKS-24.jpg
assets/projects/luxury-club/gallery/Post/Womennovator - We Pitch Photos/AKS-25.jpg
assets/projects/luxury-club/gallery/Post/Womennovator - We Pitch Photos/AKS-26.jpg
assets/projects/luxury-club/gallery/Post/Womennovator - We Pitch Photos/AKS-27.jpg
assets/projects/luxury-club/gallery/Post/Womennovator - We Pitch Photos/AKS-28.jpg
assets/projects/luxury-club/gallery/Post/Womennovator - We Pitch Photos/AKS-29.jpg
assets/projects/luxury-club/gallery/Post/Womennovator - We Pitch Photos/AKS-3.jpg
assets/projects/luxury-club/gallery/Post/Womennovator - We Pitch Photos/AKS-30.jpg
assets/projects/luxury-club/gallery/Post/Womennovator - We Pitch Photos/AKS-31.jpg
assets/projects/luxury-club/gallery/Post/Womennovator - We Pitch Photos/AKS-32.jpg
assets/projects/luxury-club/gallery/Post/Womennovator - We Pitch Photos/AKS-33.jpg
assets/projects/luxury-club/gallery/Post/Womennovator - We Pitch Photos/AKS-34.jpg
assets/projects/luxury-club/gallery/Post/Womennovator - We Pitch Photos/AKS-35.jpg
assets/projects/luxury-club/gallery/Post/Womennovator - We Pitch Photos/AKS-36.jpg
assets/projects/luxury-club/gallery/Post/Womennovator - We Pitch Photos/AKS-37.jpg
assets/projects/luxury-club/gallery/Post/Womennovator - We Pitch Photos/AKS-38.jpg
assets/projects/luxury-club/gallery/Post/Womennovator - We Pitch Photos/AKS-39.jpg
assets/projects/luxury-club/gallery/Post/Womennovator - We Pitch Photos/AKS-4.jpg
assets/projects/luxury-club/gallery/Post/Womennovator - We Pitch Photos/AKS-40.jpg
assets/projects/luxury-club/gallery/Post/Womennovator - We Pitch Photos/AKS-41.jpg
assets/projects/luxury-club/gallery/Post/Womennovator - We Pitch Photos/AKS-42.jpg
assets/projects/luxury-club/gallery/Post/Womennovator - We Pitch Photos/AKS-43.jpg
assets/projects/luxury-club/gallery/Post/Womennovator - We Pitch Photos/AKS-44.jpg
assets/projects/luxury-club/gallery/Post/Womennovator - We Pitch Photos/AKS-5.jpg
assets/projects/luxury-club/gallery/Post/Womennovator - We Pitch Photos/AKS-6.jpg
assets/projects/luxury-club/gallery/Post/Womennovator - We Pitch Photos/AKS-7.jpg
assets/projects/luxury-club/gallery/Post/Womennovator - We Pitch Photos/AKS-8.jpg
assets/projects/luxury-club/gallery/Post/Womennovator - We Pitch Photos/AKS-9.jpg
assets/projects/luxury-club/gallery/Post/Womennovator - We Pitch Photos/Header/Layer 0.png
assets/projects/luxury-club/gallery/Post/Womennovator - We Pitch Photos/Header/Layer 1.png
assets/projects/luxury-club/gallery/Post/Womennovator - We Pitch Photos/Header/Layer 2.png
assets/projects/luxury-club/gallery/Post/Womennovator - We Pitch Photos/IMG_20240426_141643_398.png
assets/projects/luxury-club/gallery/Post/Womennovator - We Pitch Photos/IMG_20240426_141838_134.png
assets/projects/luxury-club/gallery/Post/Womennovator - We Pitch Photos/original_ddc73260-0e16-47f6-af99-550cf5c1f75d_Screenshot_20240426-143005.png
assets/projects/luxury-club/gallery/Post/ganesh chaturthi.png
assets/projects/luxury-club/gallery/Post/holi vrindavan invites.png
assets/projects/luxury-club/gallery/Post/invite.png
assets/projects/luxury-club/gallery/Post/janmashhtami.png
assets/projects/luxury-club/gallery/Post/luxury Rating/1.png
assets/projects/luxury-club/gallery/Post/luxury Rating/2.png
assets/projects/luxury-club/gallery/Post/luxurycobiz is happy to associate with .png
assets/projects/luxury-club/gallery/Post/luxurycobiz is happy to associate with.png
assets/projects/luxury-club/gallery/Post/polo invites.png
assets/projects/luxury-club/gallery/Post/usha uthup/WhatsApp Image 2024-04-04 at 10.10.27 AM.jpeg
assets/projects/luxury-club/gallery/Post/usha uthup/WhatsApp Image 2024-04-04 at 10.10.57 AM.jpeg
assets/projects/luxury-club/gallery/September Newsletter content/Luxury September Newsletter compile.pdf
assets/projects/luxury-club/gallery/September Newsletter content/Luxury September Newsletter.pdf
assets/projects/luxury-club/gallery/TZP Magazine ( April 2024)-27.png
assets/projects/luxury-club/gallery/feb newsletter matter/Luxury Newsletter Feb 2024.pdf
assets/projects/praveen/gallery/Healing session Spanish.png
assets/projects/praveen/gallery/Meditation and mindfullness Spanish.png
assets/projects/praveen/gallery/Praveen Post.png
assets/projects/suprams/gallery/3 Clicks to Cyber Safety/1.png
assets/projects/suprams/gallery/3 Clicks to Cyber Safety/2.png
assets/projects/suprams/gallery/3 Clicks to Cyber Safety/3.png
assets/projects/suprams/gallery/3 Clicks to Cyber Safety/4.png
assets/projects/suprams/gallery/Acronis/Aconis Seemless Backup.png
assets/projects/suprams/gallery/Acronis/Acronis Cyber Protact.png
assets/projects/suprams/gallery/Acronis/Acronis Cyber Protect Cloud/Acronis Cyber Protect Cloud 001.png
assets/projects/suprams/gallery/Acronis/Acronis Cyber Protect Cloud/Acronis Cyber Protect Cloud 002.png
assets/projects/suprams/gallery/Acronis/Acronis Cyber Protect Cloud/Acronis Cyber Protect Cloud 02.png
assets/projects/suprams/gallery/Acronis/Acronis MDR.png
assets/projects/suprams/gallery/Acronis/Acronis Microsoft 365 Backup/01.png
assets/projects/suprams/gallery/Acronis/Acronis Microsoft 365 Backup/02.png
assets/projects/suprams/gallery/Acronis/Acronis Microsoft 365 Backup/03.png
assets/projects/suprams/gallery/Acronis/Acronis Microsoft 365 Backup/04.png
assets/projects/suprams/gallery/Acronis/Acronis Microsoft 365 Backup independence day.png
assets/projects/suprams/gallery/Acronis/Acronis post N1.png
assets/projects/suprams/gallery/Acronis/Acronis post N2.png
assets/projects/suprams/gallery/Acronis/Acronis post N3.png
assets/projects/suprams/gallery/Acronis/Acronis post N4.png
assets/projects/suprams/gallery/Acronis/Acronis post N5.png
assets/projects/suprams/gallery/Acronis/Acronis post.png
assets/projects/suprams/gallery/Acronis Backup-Thumbnail.png
assets/projects/suprams/gallery/App development services.png
assets/projects/suprams/gallery/Automobile villa/1.png
assets/projects/suprams/gallery/Automobile villa/2.png
assets/projects/suprams/gallery/Automobile villa/3.png
assets/projects/suprams/gallery/Automobile villa/Automobile villa Car accesories.png
assets/projects/suprams/gallery/Automobile villa/Automobile villa Car accessories 02.png
assets/projects/suprams/gallery/Automobile villa/Automobile villa Car accessories 03.png
assets/projects/suprams/gallery/Automobile villa/Automobile villa Ford Accessories .png
assets/projects/suprams/gallery/Automobile villa/CARDI AMBIENCE LIGHT FOR FORTUNER.png
assets/projects/suprams/gallery/Automobile villa/FORTUNER STEERING WHEEL .png
assets/projects/suprams/gallery/Automobile villa/Fortuner LEGENDER ORIGINAL LIKE GR KIT 01.png
assets/projects/suprams/gallery/Automobile villa/Fortuner LEGENDER ORIGINAL LIKE GR KIT 02.png
assets/projects/suprams/gallery/Automobile villa/JImny Head & Tail Lamps.png
assets/projects/suprams/gallery/Automobile villa/POLO - GTI UPGRADE KIT (1).png
assets/projects/suprams/gallery/Automobile villa/POLO - GTI UPGRADE KIT (2).png
assets/projects/suprams/gallery/Automobile villa/POLO - GTI UPGRADE KIT (3).png
assets/projects/suprams/gallery/Automobile villa/POLO - GTI UPGRADE KIT (4).png
assets/projects/suprams/gallery/Automobile villa/POLO - GTI UPGRADE KIT (5).png
assets/projects/suprams/gallery/Automobile villa/POLO STEERING WHEEL .png
assets/projects/suprams/gallery/Automobile villa/Polo CONVERSION KIT/1.png
assets/projects/suprams/gallery/Automobile villa/Polo CONVERSION KIT/2.png
assets/projects/suprams/gallery/Automobile villa/Polo CONVERSION KIT/3.png
assets/projects/suprams/gallery/Automobile villa/Polo CONVERSION KIT/4.png
assets/projects/suprams/gallery/Automobile villa/Polo CONVERSION KIT/5.png
assets/projects/suprams/gallery/Automobile villa/Suzuki Fronx.png
assets/projects/suprams/gallery/Automobile villa/Thar Accesserise.png
assets/projects/suprams/gallery/Automobile villa/Thar Accessories.png
assets/projects/suprams/gallery/Automobile villa/Toyota LC300.png
assets/projects/suprams/gallery/Automobile villa/independence day.png
assets/projects/suprams/gallery/Bhaskar Math Classes 02.png
assets/projects/suprams/gallery/Bhaskar Math Classes 03.png
assets/projects/suprams/gallery/Bhaskar Math Classes.png
assets/projects/suprams/gallery/CRM EDM.png
assets/projects/suprams/gallery/DIWALI POST FOR SUPRAMS/01.png
assets/projects/suprams/gallery/DIWALI POST FOR SUPRAMS/02.png
assets/projects/suprams/gallery/DIWALI POST FOR SUPRAMS/03.png
assets/projects/suprams/gallery/Dell OptiPlex 3000 MT/Dell OptiPlex 3000 MT  01.png
assets/projects/suprams/gallery/Dell OptiPlex 3000 MT/Dell OptiPlex 3000 MT  02.png
assets/projects/suprams/gallery/Dell OptiPlex 3000 MT/Dell OptiPlex 3000 MT  03.png
assets/projects/suprams/gallery/Dell OptiPlex 3000 MT/Dell Optiplex AIO 5400 01.png
assets/projects/suprams/gallery/Digital marketing (1).png
assets/projects/suprams/gallery/Digital marketing (2).png
assets/projects/suprams/gallery/Digital marketing (3).png
assets/projects/suprams/gallery/EDM 01.png
assets/projects/suprams/gallery/EDM 02.png
assets/projects/suprams/gallery/EDM 03.png
assets/projects/suprams/gallery/EDM 04.png
assets/projects/suprams/gallery/EDM 05.png
assets/projects/suprams/gallery/EDM 06.png
assets/projects/suprams/gallery/EDM 07.png
assets/projects/suprams/gallery/EDM 08.png
assets/projects/suprams/gallery/EDM 09.png
assets/projects/suprams/gallery/Google Workspace/Google Workspace benefits 01.png
assets/projects/suprams/gallery/Google Workspace/Google Workspace benefits 02.png
assets/projects/suprams/gallery/Google Workspace/Google Workspace benefits 03.png
assets/projects/suprams/gallery/Google Workspace/Google Workspace benefits 04.png
assets/projects/suprams/gallery/Google Workspace/Google Workspace benefits 05.png
assets/projects/suprams/gallery/Google Workspace/Google Workspace benefits 06.png
assets/projects/suprams/gallery/Google Workspace/Google Workspace benefits 07.png
assets/projects/suprams/gallery/Graphic design flyer.png
assets/projects/suprams/gallery/HP 200 PRO G4/01.png
assets/projects/suprams/gallery/HP 200 PRO G4/02.png
assets/projects/suprams/gallery/HP 200 PRO G4/03.png
assets/projects/suprams/gallery/HP 200 PRO G4/04.png
assets/projects/suprams/gallery/HP 200 PRO G4/05.png
assets/projects/suprams/gallery/HP 200 PRO G4/06.png
assets/projects/suprams/gallery/HP 200 PRO G4/07.png
assets/projects/suprams/gallery/HP EliteOne 870 G9 27 AiO/01.png
assets/projects/suprams/gallery/HP EliteOne 870 G9 27 AiO/02.png
assets/projects/suprams/gallery/HP EliteOne 870 G9 27 AiO/03.png
assets/projects/suprams/gallery/HP EliteOne 870 G9 27 AiO/04.png
assets/projects/suprams/gallery/HP Post/01 (2).png
assets/projects/suprams/gallery/HP Post/01.png
assets/projects/suprams/gallery/HP Post/02.png
assets/projects/suprams/gallery/HP Post/03.png
assets/projects/suprams/gallery/HP Post/04.png
assets/projects/suprams/gallery/HP Post/05.png
assets/projects/suprams/gallery/HP Post/06.png
assets/projects/suprams/gallery/HP Post/07.png
assets/projects/suprams/gallery/HP Post/Firefly G10.png
assets/projects/suprams/gallery/HP Post/Firefly G11.png
assets/projects/suprams/gallery/HP Post/Fury 16 G10.png
assets/projects/suprams/gallery/HP Post/HP TOWER WORKSTATIONS Z1 G9.png
assets/projects/suprams/gallery/HP Post/HP TOWER WORKSTATIONS Z2 G9.png
assets/projects/suprams/gallery/HP Post/HP TOWER WORKSTATIONS Z4 G4.png
assets/projects/suprams/gallery/HP Post/HP TOWER WORKSTATIONS Z4 G5.png
assets/projects/suprams/gallery/HP Post/Power G4A.png
assets/projects/suprams/gallery/HP Post/Studio 16 G10.png
assets/projects/suprams/gallery/HP ProOne 240 G9/01.png
assets/projects/suprams/gallery/HP ProOne 240 G9/02.png
assets/projects/suprams/gallery/HP ProOne 240 G9/03.png
assets/projects/suprams/gallery/HP ProOne 240 G9/04.png
assets/projects/suprams/gallery/HP ProOne 240 G9/05.png
assets/projects/suprams/gallery/HP ProOne 240 G9/06.png
assets/projects/suprams/gallery/IT Software.png
assets/projects/suprams/gallery/IT Software01.png
assets/projects/suprams/gallery/LENOVO SERVERS/01.png
assets/projects/suprams/gallery/LENOVO SERVERS/02.png
assets/projects/suprams/gallery/LENOVO SERVERS/03.png
assets/projects/suprams/gallery/LENOVO SERVERS/04.png
assets/projects/suprams/gallery/LENOVO SERVERS/05.png
assets/projects/suprams/gallery/Live in Hotel_website/Celebreation.png
assets/projects/suprams/gallery/Live in Hotel_website/Champaeng 2.png
assets/projects/suprams/gallery/Live in Hotel_website/Champaeng.png
assets/projects/suprams/gallery/Live in Hotel_website/debug.log
assets/projects/suprams/gallery/Live in Hotel_website/live in new year banner.png
assets/projects/suprams/gallery/Live in Hotel_website/live in new year.png
assets/projects/suprams/gallery/LyraCrafts/CTEPT LOGO.png
assets/projects/suprams/gallery/LyraCrafts/FSC LOGO.png
assets/projects/suprams/gallery/LyraCrafts/SCAN-logo.png
assets/projects/suprams/gallery/LyraCrafts/SQP LOGO.png
assets/projects/suprams/gallery/LyraCrafts/Sedex logo.png
assets/projects/suprams/gallery/LyraCrafts/smeta logo.png
assets/projects/suprams/gallery/MIcrosoft 360.png
assets/projects/suprams/gallery/MIcrosoft EDM.png
assets/projects/suprams/gallery/MKS INDA FASHION/Logo (1).png
assets/projects/suprams/gallery/MKS INDA FASHION/Logo (2).png
assets/projects/suprams/gallery/MKS INDA FASHION/Logo (3).png
assets/projects/suprams/gallery/MKS INDA FASHION/Logo (4).png
assets/projects/suprams/gallery/MKS INDA FASHION/Logo (5).png
assets/projects/suprams/gallery/MKS INDA FASHION/M.png
assets/projects/suprams/gallery/Microsoft Azur/Slide 01.png
assets/projects/suprams/gallery/Microsoft Azur/Slide 02.png
assets/projects/suprams/gallery/Microsoft Azur/Slide 03.png
assets/projects/suprams/gallery/Microsoft Azur/Slide 04.png
assets/projects/suprams/gallery/Microsoft Azur/Slide 05.png
assets/projects/suprams/gallery/Microsoft Azur/Suprams X Microsoft Azure.png
assets/projects/suprams/gallery/One Day Advance Makeup Course with Suman Sharma_.png
assets/projects/suprams/gallery/Partner LOGO/Acronis Logo Vector.png
assets/projects/suprams/gallery/Partner LOGO/Amazon Web Services Logo Vector.png
assets/projects/suprams/gallery/Partner LOGO/Apple University Logo Vector.svg .png
assets/projects/suprams/gallery/Partner LOGO/Aruba Networks Logo Vector.png
assets/projects/suprams/gallery/Partner LOGO/Avast Logo Vector.svg .png
assets/projects/suprams/gallery/Partner LOGO/Avast new Logo 1.png
assets/projects/suprams/gallery/Partner LOGO/Avast new Logo 2.png
assets/projects/suprams/gallery/Partner LOGO/Avast new Logo.png
assets/projects/suprams/gallery/Partner LOGO/Azure Logo Vector.svg .png
assets/projects/suprams/gallery/Partner LOGO/Bitdefender Logo Vector.svg .png
assets/projects/suprams/gallery/Partner LOGO/Brother-Logo-PNG.png
assets/projects/suprams/gallery/Partner LOGO/Cisco Meraki New Logo Vector.svg .png
assets/projects/suprams/gallery/Partner LOGO/Cloud Speed.png
assets/projects/suprams/gallery/Partner LOGO/Cohesity.png
assets/projects/suprams/gallery/Partner LOGO/CommVault Systems Logo Vector.svg .png
assets/projects/suprams/gallery/Partner LOGO/Daco_4451800.png
assets/projects/suprams/gallery/Partner LOGO/Dell Logo Vector.png
assets/projects/suprams/gallery/Partner LOGO/Druva_Logo_color.png
assets/projects/suprams/gallery/Partner LOGO/ESET_logo_DS_PP_horizontal_color_RGB_large.png
assets/projects/suprams/gallery/Partner LOGO/Fortinet Logo Vector.png
assets/projects/suprams/gallery/Partner LOGO/GoToAssist Logo.png
assets/projects/suprams/gallery/Partner LOGO/Google Workspace Logo Vector.svg .png
assets/projects/suprams/gallery/Partner LOGO/HP Logo Vector.png
assets/projects/suprams/gallery/Partner LOGO/Kaspersky Logo Vector.png
assets/projects/suprams/gallery/Partner LOGO/LOGO.png
assets/projects/suprams/gallery/Partner LOGO/Lenovo new Logo Vector.png
assets/projects/suprams/gallery/Partner LOGO/Malwarebytes.png
assets/projects/suprams/gallery/Partner LOGO/Microsoft OneDrive Logo Vector.svg .png
assets/projects/suprams/gallery/Partner LOGO/Netgear Logo Vector.svg .png
assets/projects/suprams/gallery/Partner LOGO/New Seagate Logo Vector.svg .png
assets/projects/suprams/gallery/Partner LOGO/Paloalto Networks Logo Vector.svg .png
assets/projects/suprams/gallery/Partner LOGO/Ruckus Logo.png
assets/projects/suprams/gallery/Partner LOGO/Ryzen-AMD-Logo.wine.png
assets/projects/suprams/gallery/Partner LOGO/SW_Logo_Web_Orange.svg+xml
assets/projects/suprams/gallery/Partner LOGO/Scality logo.png
assets/projects/suprams/gallery/Partner LOGO/Sonicwall.png
assets/projects/suprams/gallery/Partner LOGO/Sophos Logo Vector.svg .png
assets/projects/suprams/gallery/Partner LOGO/Synology_logo_Black.png
assets/projects/suprams/gallery/Partner LOGO/TP-Link-Logo.wine.png
assets/projects/suprams/gallery/Partner LOGO/Teamviewer Logo Vector.png
assets/projects/suprams/gallery/Partner LOGO/Trend Micro Logo Vector.svg .png
assets/projects/suprams/gallery/Partner LOGO/Veeam Logo Vector.svg .png
assets/projects/suprams/gallery/Partner LOGO/Veritas/Veritas 360 Defense Activation Kit.pdf
assets/projects/suprams/gallery/Partner LOGO/Veritas/Veritas Partner Registered Logo.jpeg
assets/projects/suprams/gallery/Partner LOGO/Veritas/Veritas Visual Guidelines.pdf
assets/projects/suprams/gallery/Partner LOGO/Veritas Technologies Logo Vector.svg .png
assets/projects/suprams/gallery/Partner LOGO/Vultr Logo Vector.svg .png
assets/projects/suprams/gallery/Partner LOGO/Western Digital New Logo Vector.svg .png
assets/projects/suprams/gallery/Partner LOGO/carbonite-by-opentext---logo---normal.png
assets/projects/suprams/gallery/Partner LOGO/d-link-logo.png
assets/projects/suprams/gallery/Partner LOGO/debug.log
assets/projects/suprams/gallery/Partner LOGO/gigabyte-logo-png-transparent.png
assets/projects/suprams/gallery/Partner LOGO/image 7.png
assets/projects/suprams/gallery/Partner LOGO/image 8.png
assets/projects/suprams/gallery/Partner LOGO/k7-logo.png
assets/projects/suprams/gallery/Partner LOGO/pngwing.com (43).png
assets/projects/suprams/gallery/Partner LOGO/pngwing.com (44).png
assets/projects/suprams/gallery/Partner LOGO/pngwing.com (45).png
assets/projects/suprams/gallery/Partner LOGO/veeam_logo/Veeam_logo/.DS_Store
assets/projects/suprams/gallery/Partner LOGO/veeam_logo/Veeam_logo/Veeam_Logo_Quick_Guide.pdf
assets/projects/suprams/gallery/Partner LOGO/veeam_logo/Veeam_logo/Veeam_Logo_for_Print/.DS_Store
assets/projects/suprams/gallery/Partner LOGO/veeam_logo/Veeam_logo/Veeam_Logo_for_Print/CMYK/.DS_Store
assets/projects/suprams/gallery/Partner LOGO/veeam_logo/Veeam_logo/Veeam_Logo_for_Print/CMYK/01_main/Veeam_logo_2024_CMYK_main.pdf
assets/projects/suprams/gallery/Partner LOGO/veeam_logo/Veeam_logo/Veeam_Logo_for_Print/CMYK/02_w_stroke/Veeam_logo_2024_CMYK_w_stroke.pdf
assets/projects/suprams/gallery/Partner LOGO/veeam_logo/Veeam_logo/Veeam_Logo_for_Print/CMYK/03_small/Veeam_logo_2024_CMYK_for_small.pdf
assets/projects/suprams/gallery/Partner LOGO/veeam_logo/Veeam_logo/Veeam_Logo_for_Print/CMYK/03_small/Veeam_logo_2024_CMYK_w_stroke_for small.pdf
assets/projects/suprams/gallery/Partner LOGO/veeam_logo/Veeam_logo/Veeam_Logo_for_Print/Pantone/.DS_Store
assets/projects/suprams/gallery/Partner LOGO/veeam_logo/Veeam_logo/Veeam_Logo_for_Print/Pantone/01_main/Veeam_logo_2024_P2420_main.pdf
assets/projects/suprams/gallery/Partner LOGO/veeam_logo/Veeam_logo/Veeam_Logo_for_Print/Pantone/02_w_stroke/Veeam_logo_2024_P2420_for_small_w_stroke.pdf
assets/projects/suprams/gallery/Partner LOGO/veeam_logo/Veeam_logo/Veeam_Logo_for_Print/Pantone/02_w_stroke/Veeam_logo_2024_P2420_w_stroke.pdf
assets/projects/suprams/gallery/Partner LOGO/veeam_logo/Veeam_logo/Veeam_Logo_for_Print/Pantone/03_spot/Veeam_logo_2024_P2420_spot.pdf
assets/projects/suprams/gallery/Partner LOGO/veeam_logo/Veeam_logo/Veeam_Logo_for_Print/Pantone/03_spot/Veeam_logo_2024_White_spot.pdf
assets/projects/suprams/gallery/Partner LOGO/veeam_logo/Veeam_logo/Veeam_Logo_for_Print/Pantone/04_varnish/.DS_Store
assets/projects/suprams/gallery/Partner LOGO/veeam_logo/Veeam_logo/Veeam_Logo_for_Screen/.DS_Store
assets/projects/suprams/gallery/Partner LOGO/veeam_logo/Veeam_logo/Veeam_Logo_for_Screen/01_main/Thumbs.db
assets/projects/suprams/gallery/Partner LOGO/veeam_logo/Veeam_logo/Veeam_Logo_for_Screen/01_main/Veeam_logo_2024_RGB_main_20.png
assets/projects/suprams/gallery/Partner LOGO/veeam_logo/Veeam_logo/Veeam_Logo_for_Screen/01_main/Veeam_logo_2024_RGB_main_20.svg
assets/projects/suprams/gallery/Partner LOGO/veeam_logo/Veeam_logo/Veeam_Logo_for_Screen/01_main/Veeam_logo_2024_RGB_main_25.png
assets/projects/suprams/gallery/Partner LOGO/veeam_logo/Veeam_logo/Veeam_Logo_for_Screen/01_main/Veeam_logo_2024_RGB_main_25.svg
assets/projects/suprams/gallery/Partner LOGO/veeam_logo/Veeam_logo/Veeam_Logo_for_Screen/02_w_stroke/Thumbs.db
assets/projects/suprams/gallery/Partner LOGO/veeam_logo/Veeam_logo/Veeam_Logo_for_Screen/02_w_stroke/Veeam_logo_2024_RGB_w_stroke_20.png
assets/projects/suprams/gallery/Partner LOGO/veeam_logo/Veeam_logo/Veeam_Logo_for_Screen/02_w_stroke/Veeam_logo_2024_RGB_w_stroke_20.svg
assets/projects/suprams/gallery/Partner LOGO/veeam_logo/Veeam_logo/Veeam_Logo_for_Screen/02_w_stroke/Veeam_logo_2024_RGB_w_stroke_25.png
assets/projects/suprams/gallery/Partner LOGO/veeam_logo/Veeam_logo/Veeam_Logo_for_Screen/02_w_stroke/Veeam_logo_2024_RGB_w_stroke_25.svg
assets/projects/suprams/gallery/Partner LOGO/veeam_logo/Veeam_logo/Veeam_Logo_for_Screen/03_small/.DS_Store
assets/projects/suprams/gallery/Partner LOGO/veeam_logo/Veeam_logo/Veeam_Logo_for_Screen/03_small/Veeam_logo_2024_RGB_small.png
assets/projects/suprams/gallery/Partner LOGO/veeam_logo/Veeam_logo/Veeam_Logo_for_Screen/03_small/Veeam_logo_2024_RGB_small.svg
assets/projects/suprams/gallery/Partner LOGO/veeam_logo/__MACOSX/Veeam_logo/._.DS_Store
assets/projects/suprams/gallery/Partner LOGO/veeam_logo/__MACOSX/Veeam_logo/._Veeam_Logo_Quick_Guide.pdf
assets/projects/suprams/gallery/Partner LOGO/veeam_logo/__MACOSX/Veeam_logo/._Veeam_Logo_for_Print
assets/projects/suprams/gallery/Partner LOGO/veeam_logo/__MACOSX/Veeam_logo/._Veeam_Logo_for_Screen
assets/projects/suprams/gallery/Partner LOGO/veeam_logo/__MACOSX/Veeam_logo/Veeam_Logo_for_Print/._.DS_Store
assets/projects/suprams/gallery/Partner LOGO/veeam_logo/__MACOSX/Veeam_logo/Veeam_Logo_for_Print/._CMYK
assets/projects/suprams/gallery/Partner LOGO/veeam_logo/__MACOSX/Veeam_logo/Veeam_Logo_for_Print/._Pantone
assets/projects/suprams/gallery/Partner LOGO/veeam_logo/__MACOSX/Veeam_logo/Veeam_Logo_for_Print/CMYK/._.DS_Store
assets/projects/suprams/gallery/Partner LOGO/veeam_logo/__MACOSX/Veeam_logo/Veeam_Logo_for_Print/CMYK/._01_main
assets/projects/suprams/gallery/Partner LOGO/veeam_logo/__MACOSX/Veeam_logo/Veeam_Logo_for_Print/CMYK/._02_w_stroke
assets/projects/suprams/gallery/Partner LOGO/veeam_logo/__MACOSX/Veeam_logo/Veeam_Logo_for_Print/CMYK/._03_small
assets/projects/suprams/gallery/Partner LOGO/veeam_logo/__MACOSX/Veeam_logo/Veeam_Logo_for_Print/CMYK/._04_varnish
assets/projects/suprams/gallery/Partner LOGO/veeam_logo/__MACOSX/Veeam_logo/Veeam_Logo_for_Print/CMYK/01_main/._Veeam_logo_2024_CMYK_main.pdf
assets/projects/suprams/gallery/Partner LOGO/veeam_logo/__MACOSX/Veeam_logo/Veeam_Logo_for_Print/CMYK/02_w_stroke/._Veeam_logo_2024_CMYK_w_stroke.pdf
assets/projects/suprams/gallery/Partner LOGO/veeam_logo/__MACOSX/Veeam_logo/Veeam_Logo_for_Print/CMYK/03_small/._Veeam_logo_2024_CMYK_for_small.pdf
assets/projects/suprams/gallery/Partner LOGO/veeam_logo/__MACOSX/Veeam_logo/Veeam_Logo_for_Print/CMYK/03_small/._Veeam_logo_2024_CMYK_w_stroke_for small.pdf
assets/projects/suprams/gallery/Partner LOGO/veeam_logo/__MACOSX/Veeam_logo/Veeam_Logo_for_Print/Pantone/._.DS_Store
assets/projects/suprams/gallery/Partner LOGO/veeam_logo/__MACOSX/Veeam_logo/Veeam_Logo_for_Print/Pantone/._01_main
assets/projects/suprams/gallery/Partner LOGO/veeam_logo/__MACOSX/Veeam_logo/Veeam_Logo_for_Print/Pantone/._02_w_stroke
assets/projects/suprams/gallery/Partner LOGO/veeam_logo/__MACOSX/Veeam_logo/Veeam_Logo_for_Print/Pantone/._03_spot
assets/projects/suprams/gallery/Partner LOGO/veeam_logo/__MACOSX/Veeam_logo/Veeam_Logo_for_Print/Pantone/._04_varnish
assets/projects/suprams/gallery/Partner LOGO/veeam_logo/__MACOSX/Veeam_logo/Veeam_Logo_for_Print/Pantone/01_main/._Veeam_logo_2024_P2420_main.pdf
assets/projects/suprams/gallery/Partner LOGO/veeam_logo/__MACOSX/Veeam_logo/Veeam_Logo_for_Print/Pantone/02_w_stroke/._Veeam_logo_2024_P2420_for_small_w_stroke.pdf
assets/projects/suprams/gallery/Partner LOGO/veeam_logo/__MACOSX/Veeam_logo/Veeam_Logo_for_Print/Pantone/02_w_stroke/._Veeam_logo_2024_P2420_w_stroke.pdf
assets/projects/suprams/gallery/Partner LOGO/veeam_logo/__MACOSX/Veeam_logo/Veeam_Logo_for_Print/Pantone/03_spot/._Veeam_logo_2024_P2420_spot.pdf
assets/projects/suprams/gallery/Partner LOGO/veeam_logo/__MACOSX/Veeam_logo/Veeam_Logo_for_Print/Pantone/03_spot/._Veeam_logo_2024_White_spot.pdf
assets/projects/suprams/gallery/Partner LOGO/veeam_logo/__MACOSX/Veeam_logo/Veeam_Logo_for_Print/Pantone/04_varnish/._.DS_Store
assets/projects/suprams/gallery/Partner LOGO/veeam_logo/__MACOSX/Veeam_logo/Veeam_Logo_for_Screen/._.DS_Store
assets/projects/suprams/gallery/Partner LOGO/veeam_logo/__MACOSX/Veeam_logo/Veeam_Logo_for_Screen/._01_main
assets/projects/suprams/gallery/Partner LOGO/veeam_logo/__MACOSX/Veeam_logo/Veeam_Logo_for_Screen/._02_w_stroke
assets/projects/suprams/gallery/Partner LOGO/veeam_logo/__MACOSX/Veeam_logo/Veeam_Logo_for_Screen/._03_small
assets/projects/suprams/gallery/Partner LOGO/veeam_logo/__MACOSX/Veeam_logo/Veeam_Logo_for_Screen/01_main/._Thumbs.db
assets/projects/suprams/gallery/Partner LOGO/veeam_logo/__MACOSX/Veeam_logo/Veeam_Logo_for_Screen/01_main/._Veeam_logo_2024_RGB_main_20.png
assets/projects/suprams/gallery/Partner LOGO/veeam_logo/__MACOSX/Veeam_logo/Veeam_Logo_for_Screen/01_main/._Veeam_logo_2024_RGB_main_20.svg
assets/projects/suprams/gallery/Partner LOGO/veeam_logo/__MACOSX/Veeam_logo/Veeam_Logo_for_Screen/01_main/._Veeam_logo_2024_RGB_main_25.png
assets/projects/suprams/gallery/Partner LOGO/veeam_logo/__MACOSX/Veeam_logo/Veeam_Logo_for_Screen/01_main/._Veeam_logo_2024_RGB_main_25.svg
assets/projects/suprams/gallery/Partner LOGO/veeam_logo/__MACOSX/Veeam_logo/Veeam_Logo_for_Screen/02_w_stroke/._Thumbs.db
assets/projects/suprams/gallery/Partner LOGO/veeam_logo/__MACOSX/Veeam_logo/Veeam_Logo_for_Screen/02_w_stroke/._Veeam_logo_2024_RGB_w_stroke_20.png
assets/projects/suprams/gallery/Partner LOGO/veeam_logo/__MACOSX/Veeam_logo/Veeam_Logo_for_Screen/02_w_stroke/._Veeam_logo_2024_RGB_w_stroke_20.svg
assets/projects/suprams/gallery/Partner LOGO/veeam_logo/__MACOSX/Veeam_logo/Veeam_Logo_for_Screen/02_w_stroke/._Veeam_logo_2024_RGB_w_stroke_25.png
assets/projects/suprams/gallery/Partner LOGO/veeam_logo/__MACOSX/Veeam_logo/Veeam_Logo_for_Screen/02_w_stroke/._Veeam_logo_2024_RGB_w_stroke_25.svg
assets/projects/suprams/gallery/Partner LOGO/veeam_logo/__MACOSX/Veeam_logo/Veeam_Logo_for_Screen/03_small/._.DS_Store
assets/projects/suprams/gallery/Partner LOGO/veeam_logo/__MACOSX/Veeam_logo/Veeam_Logo_for_Screen/03_small/._Veeam_logo_2024_RGB_small.png
assets/projects/suprams/gallery/Partner LOGO/veeam_logo/__MACOSX/Veeam_logo/Veeam_Logo_for_Screen/03_small/._Veeam_logo_2024_RGB_small.svg
assets/projects/suprams/gallery/Partner LOGO/vembu-logo.png
assets/projects/suprams/gallery/Partner LOGO/vultr-all-assets/__MACOSX/._vultr-all-assets
assets/projects/suprams/gallery/Partner LOGO/vultr-all-assets/__MACOSX/vultr-all-assets/._.DS_Store
assets/projects/suprams/gallery/Partner LOGO/vultr-all-assets/__MACOSX/vultr-all-assets/._Email Template (Tel Aviv example)
assets/projects/suprams/gallery/Partner LOGO/vultr-all-assets/__MACOSX/vultr-all-assets/._Event Statics Template (Tel Aviv example)
assets/projects/suprams/gallery/Partner LOGO/vultr-all-assets/__MACOSX/vultr-all-assets/._Offer Ad Template
assets/projects/suprams/gallery/Partner LOGO/vultr-all-assets/__MACOSX/vultr-all-assets/._Social Ad Template (DBaaS example)
assets/projects/suprams/gallery/Partner LOGO/vultr-all-assets/__MACOSX/vultr-all-assets/._Social Ad Template 2 (GPU BOF example)
assets/projects/suprams/gallery/Partner LOGO/vultr-all-assets/__MACOSX/vultr-all-assets/._vultr-brand-book.pdf
assets/projects/suprams/gallery/Partner LOGO/vultr-all-assets/__MACOSX/vultr-all-assets/._vultr-brand-logo
assets/projects/suprams/gallery/Partner LOGO/vultr-all-assets/__MACOSX/vultr-all-assets/._vultr-control-panel
assets/projects/suprams/gallery/Partner LOGO/vultr-all-assets/__MACOSX/vultr-all-assets/Email Template (Tel Aviv example)/._.DS_Store
assets/projects/suprams/gallery/Partner LOGO/vultr-all-assets/__MACOSX/vultr-all-assets/Email Template (Tel Aviv example)/._Fonts
assets/projects/suprams/gallery/Partner LOGO/vultr-all-assets/__MACOSX/vultr-all-assets/Email Template (Tel Aviv example)/._Links
assets/projects/suprams/gallery/Partner LOGO/vultr-all-assets/__MACOSX/vultr-all-assets/Email Template (Tel Aviv example)/._VUL23-110_TelAviv_EmailTemplate_050223.png
assets/projects/suprams/gallery/Partner LOGO/vultr-all-assets/__MACOSX/vultr-all-assets/Email Template (Tel Aviv example)/Fonts/._MyriadPro-Regular.otf
assets/projects/suprams/gallery/Partner LOGO/vultr-all-assets/__MACOSX/vultr-all-assets/Email Template (Tel Aviv example)/Links/._VUL_EmailBanner-02.png
assets/projects/suprams/gallery/Partner LOGO/vultr-all-assets/__MACOSX/vultr-all-assets/Event Statics Template (Tel Aviv example)/._.DS_Store
assets/projects/suprams/gallery/Partner LOGO/vultr-all-assets/__MACOSX/vultr-all-assets/Event Statics Template (Tel Aviv example)/._VUL23-110_TelAviv_Statics_050223-01.png
assets/projects/suprams/gallery/Partner LOGO/vultr-all-assets/__MACOSX/vultr-all-assets/Event Statics Template (Tel Aviv example)/._VUL23-110_TelAviv_Statics_050223-02.png
assets/projects/suprams/gallery/Partner LOGO/vultr-all-assets/__MACOSX/vultr-all-assets/Event Statics Template (Tel Aviv example)/._VUL23-110_TelAviv_Statics_050223-03.png
assets/projects/suprams/gallery/Partner LOGO/vultr-all-assets/__MACOSX/vultr-all-assets/Event Statics Template (Tel Aviv example)/._VUL23-110_TelAviv_Statics_050223-04.png
assets/projects/suprams/gallery/Partner LOGO/vultr-all-assets/__MACOSX/vultr-all-assets/Event Statics Template (Tel Aviv example)/._VUL23-110_TelAviv_Statics_050223-05.png
assets/projects/suprams/gallery/Partner LOGO/vultr-all-assets/__MACOSX/vultr-all-assets/Event Statics Template (Tel Aviv example)/._VUL23-110_TelAviv_Statics_050223-06.png
assets/projects/suprams/gallery/Partner LOGO/vultr-all-assets/__MACOSX/vultr-all-assets/Offer Ad Template/._.DS_Store
assets/projects/suprams/gallery/Partner LOGO/vultr-all-assets/__MACOSX/vultr-all-assets/Offer Ad Template/._VUL23-105_OfferUpdate_021223_1-1200x628.png
assets/projects/suprams/gallery/Partner LOGO/vultr-all-assets/__MACOSX/vultr-all-assets/Offer Ad Template/._VUL23-105_OfferUpdate_021223_1-160x300.png
assets/projects/suprams/gallery/Partner LOGO/vultr-all-assets/__MACOSX/vultr-all-assets/Offer Ad Template/._VUL23-105_OfferUpdate_021223_1-300x250.png
assets/projects/suprams/gallery/Partner LOGO/vultr-all-assets/__MACOSX/vultr-all-assets/Offer Ad Template/._VUL23-105_OfferUpdate_021223_1-300x300.png
assets/projects/suprams/gallery/Partner LOGO/vultr-all-assets/__MACOSX/vultr-all-assets/Offer Ad Template/._VUL23-105_OfferUpdate_021223_1-300x50.png
assets/projects/suprams/gallery/Partner LOGO/vultr-all-assets/__MACOSX/vultr-all-assets/Offer Ad Template/._VUL23-105_OfferUpdate_021223_1-300x600.png
assets/projects/suprams/gallery/Partner LOGO/vultr-all-assets/__MACOSX/vultr-all-assets/Offer Ad Template/._VUL23-105_OfferUpdate_021223_1-728x90.png
assets/projects/suprams/gallery/Partner LOGO/vultr-all-assets/__MACOSX/vultr-all-assets/Offer Ad Template/._VUL23-105_OfferUpdate_021223_1-960x1200.png
assets/projects/suprams/gallery/Partner LOGO/vultr-all-assets/__MACOSX/vultr-all-assets/Offer Ad Template/._VUL23-105_OfferUpdate_021223_2-1200x628.png
assets/projects/suprams/gallery/Partner LOGO/vultr-all-assets/__MACOSX/vultr-all-assets/Offer Ad Template/._VUL23-105_OfferUpdate_021223_2-160x300.png
assets/projects/suprams/gallery/Partner LOGO/vultr-all-assets/__MACOSX/vultr-all-assets/Offer Ad Template/._VUL23-105_OfferUpdate_021223_2-300x250.png
assets/projects/suprams/gallery/Partner LOGO/vultr-all-assets/__MACOSX/vultr-all-assets/Offer Ad Template/._VUL23-105_OfferUpdate_021223_2-300x300.png
assets/projects/suprams/gallery/Partner LOGO/vultr-all-assets/__MACOSX/vultr-all-assets/Offer Ad Template/._VUL23-105_OfferUpdate_021223_2-300x50.png
assets/projects/suprams/gallery/Partner LOGO/vultr-all-assets/__MACOSX/vultr-all-assets/Offer Ad Template/._VUL23-105_OfferUpdate_021223_2-300x600.png
assets/projects/suprams/gallery/Partner LOGO/vultr-all-assets/__MACOSX/vultr-all-assets/Offer Ad Template/._VUL23-105_OfferUpdate_021223_2-728x90.png
assets/projects/suprams/gallery/Partner LOGO/vultr-all-assets/__MACOSX/vultr-all-assets/Offer Ad Template/._VUL23-105_OfferUpdate_021223_2-960x1200.png
assets/projects/suprams/gallery/Partner LOGO/vultr-all-assets/__MACOSX/vultr-all-assets/Social Ad Template (DBaaS example)/._.DS_Store
assets/projects/suprams/gallery/Partner LOGO/vultr-all-assets/__MACOSX/vultr-all-assets/Social Ad Template (DBaaS example)/._VUL23-105_DBaasUpdate_021623_1-1080x1080.png
assets/projects/suprams/gallery/Partner LOGO/vultr-all-assets/__MACOSX/vultr-all-assets/Social Ad Template (DBaaS example)/._VUL23-105_DBaasUpdate_021623_1-1080x1350.png
assets/projects/suprams/gallery/Partner LOGO/vultr-all-assets/__MACOSX/vultr-all-assets/Social Ad Template (DBaaS example)/._VUL23-105_DBaasUpdate_021623_1-1200x628.png
assets/projects/suprams/gallery/Partner LOGO/vultr-all-assets/__MACOSX/vultr-all-assets/Social Ad Template (DBaaS example)/._VUL23-105_DBaasUpdate_021623_1-320x250.png
assets/projects/suprams/gallery/Partner LOGO/vultr-all-assets/__MACOSX/vultr-all-assets/Social Ad Template (DBaaS example)/._VUL23-105_DBaasUpdate_021623_1-320x50.png
assets/projects/suprams/gallery/Partner LOGO/vultr-all-assets/__MACOSX/vultr-all-assets/Social Ad Template (DBaaS example)/._VUL23-105_DBaasUpdate_021623_1-480x320.png
assets/projects/suprams/gallery/Partner LOGO/vultr-all-assets/__MACOSX/vultr-all-assets/Social Ad Template (DBaaS example)/._VUL23-105_DBaasUpdate_021623_1-600x250.png
assets/projects/suprams/gallery/Partner LOGO/vultr-all-assets/__MACOSX/vultr-all-assets/Social Ad Template (DBaaS example)/._VUL23-105_DBaasUpdate_021623_2-1080x1080.png
assets/projects/suprams/gallery/Partner LOGO/vultr-all-assets/__MACOSX/vultr-all-assets/Social Ad Template (DBaaS example)/._VUL23-105_DBaasUpdate_021623_2-1080x1350.png
assets/projects/suprams/gallery/Partner LOGO/vultr-all-assets/__MACOSX/vultr-all-assets/Social Ad Template (DBaaS example)/._VUL23-105_DBaasUpdate_021623_2-1200x628.png
assets/projects/suprams/gallery/Partner LOGO/vultr-all-assets/__MACOSX/vultr-all-assets/Social Ad Template (DBaaS example)/._VUL23-105_DBaasUpdate_021623_2-320x250.png
assets/projects/suprams/gallery/Partner LOGO/vultr-all-assets/__MACOSX/vultr-all-assets/Social Ad Template (DBaaS example)/._VUL23-105_DBaasUpdate_021623_2-320x50.png
assets/projects/suprams/gallery/Partner LOGO/vultr-all-assets/__MACOSX/vultr-all-assets/Social Ad Template (DBaaS example)/._VUL23-105_DBaasUpdate_021623_2-480x320.png
assets/projects/suprams/gallery/Partner LOGO/vultr-all-assets/__MACOSX/vultr-all-assets/Social Ad Template (DBaaS example)/._VUL23-105_DBaasUpdate_021623_2-600x250.png
assets/projects/suprams/gallery/Partner LOGO/vultr-all-assets/__MACOSX/vultr-all-assets/Social Ad Template (DBaaS example)/._VUL23-105_DBaasUpdate_021623_3-1080x1080.png
assets/projects/suprams/gallery/Partner LOGO/vultr-all-assets/__MACOSX/vultr-all-assets/Social Ad Template (DBaaS example)/._VUL23-105_DBaasUpdate_021623_3-1080x1350.png
assets/projects/suprams/gallery/Partner LOGO/vultr-all-assets/__MACOSX/vultr-all-assets/Social Ad Template (DBaaS example)/._VUL23-105_DBaasUpdate_021623_3-1200x628.png
assets/projects/suprams/gallery/Partner LOGO/vultr-all-assets/__MACOSX/vultr-all-assets/Social Ad Template (DBaaS example)/._VUL23-105_DBaasUpdate_021623_3-320x250.png
assets/projects/suprams/gallery/Partner LOGO/vultr-all-assets/__MACOSX/vultr-all-assets/Social Ad Template (DBaaS example)/._VUL23-105_DBaasUpdate_021623_3-320x50.png
assets/projects/suprams/gallery/Partner LOGO/vultr-all-assets/__MACOSX/vultr-all-assets/Social Ad Template (DBaaS example)/._VUL23-105_DBaasUpdate_021623_3-480x320.png
assets/projects/suprams/gallery/Partner LOGO/vultr-all-assets/__MACOSX/vultr-all-assets/Social Ad Template (DBaaS example)/._VUL23-105_DBaasUpdate_021623_3-600x250.png
assets/projects/suprams/gallery/Partner LOGO/vultr-all-assets/__MACOSX/vultr-all-assets/Social Ad Template 2 (GPU BOF example)/._.DS_Store
assets/projects/suprams/gallery/Partner LOGO/vultr-all-assets/__MACOSX/vultr-all-assets/Social Ad Template 2 (GPU BOF example)/._VUL23-107_GPU_BoF_Ads_030623_180x150-07.png
assets/projects/suprams/gallery/Partner LOGO/vultr-all-assets/__MACOSX/vultr-all-assets/Social Ad Template 2 (GPU BOF example)/._VUL23-107_GPU_BoF_Ads_030623_180x150-15.png
assets/projects/suprams/gallery/Partner LOGO/vultr-all-assets/__MACOSX/vultr-all-assets/Social Ad Template 2 (GPU BOF example)/._VUL23-107_GPU_BoF_Ads_030623_200x200-05.png
assets/projects/suprams/gallery/Partner LOGO/vultr-all-assets/__MACOSX/vultr-all-assets/Social Ad Template 2 (GPU BOF example)/._VUL23-107_GPU_BoF_Ads_030623_200x200-13.png
assets/projects/suprams/gallery/Partner LOGO/vultr-all-assets/__MACOSX/vultr-all-assets/Social Ad Template 2 (GPU BOF example)/._VUL23-107_GPU_BoF_Ads_030623_250x250-06.png
assets/projects/suprams/gallery/Partner LOGO/vultr-all-assets/__MACOSX/vultr-all-assets/Social Ad Template 2 (GPU BOF example)/._VUL23-107_GPU_BoF_Ads_030623_250x250-14.png
assets/projects/suprams/gallery/Partner LOGO/vultr-all-assets/__MACOSX/vultr-all-assets/Social Ad Template 2 (GPU BOF example)/._VUL23-107_GPU_BoF_Ads_030623_336x280-04.png
assets/projects/suprams/gallery/Partner LOGO/vultr-all-assets/__MACOSX/vultr-all-assets/Social Ad Template 2 (GPU BOF example)/._VUL23-107_GPU_BoF_Ads_030623_336x280-12.png
assets/projects/suprams/gallery/Partner LOGO/vultr-all-assets/__MACOSX/vultr-all-assets/Social Ad Template 2 (GPU BOF example)/._VUL23-107_GPU_BoF_Ads_030623_400x80-01.png
assets/projects/suprams/gallery/Partner LOGO/vultr-all-assets/__MACOSX/vultr-all-assets/Social Ad Template 2 (GPU BOF example)/._VUL23-107_GPU_BoF_Ads_030623_400x80-09.png
assets/projects/suprams/gallery/Partner LOGO/vultr-all-assets/__MACOSX/vultr-all-assets/Social Ad Template 2 (GPU BOF example)/._VUL23-107_GPU_BoF_Ads_030623_468x60-03.png
assets/projects/suprams/gallery/Partner LOGO/vultr-all-assets/__MACOSX/vultr-all-assets/Social Ad Template 2 (GPU BOF example)/._VUL23-107_GPU_BoF_Ads_030623_468x60-11.png
assets/projects/suprams/gallery/Partner LOGO/vultr-all-assets/__MACOSX/vultr-all-assets/Social Ad Template 2 (GPU BOF example)/._VUL23-107_GPU_BoF_Ads_030623_500x100-02.png
assets/projects/suprams/gallery/Partner LOGO/vultr-all-assets/__MACOSX/vultr-all-assets/Social Ad Template 2 (GPU BOF example)/._VUL23-107_GPU_BoF_Ads_030623_500x100-10.png
assets/projects/suprams/gallery/Partner LOGO/vultr-all-assets/__MACOSX/vultr-all-assets/Social Ad Template 2 (GPU BOF example)/._VUL23-107_GPU_BoF_Ads_030623_800x800-08.png
assets/projects/suprams/gallery/Partner LOGO/vultr-all-assets/__MACOSX/vultr-all-assets/Social Ad Template 2 (GPU BOF example)/._VUL23-107_GPU_BoF_Ads_030623_800x800-16.png
assets/projects/suprams/gallery/Partner LOGO/vultr-all-assets/__MACOSX/vultr-all-assets/vultr-brand-logo/._.DS_Store
assets/projects/suprams/gallery/Partner LOGO/vultr-all-assets/__MACOSX/vultr-all-assets/vultr-brand-logo/._AI
assets/projects/suprams/gallery/Partner LOGO/vultr-all-assets/__MACOSX/vultr-all-assets/vultr-brand-logo/._PNG
assets/projects/suprams/gallery/Partner LOGO/vultr-all-assets/__MACOSX/vultr-all-assets/vultr-brand-logo/._SVG
assets/projects/suprams/gallery/Partner LOGO/vultr-all-assets/__MACOSX/vultr-all-assets/vultr-brand-logo/AI/._.DS_Store
assets/projects/suprams/gallery/Partner LOGO/vultr-all-assets/__MACOSX/vultr-all-assets/vultr-brand-logo/PNG/._.DS_Store
assets/projects/suprams/gallery/Partner LOGO/vultr-all-assets/__MACOSX/vultr-all-assets/vultr-brand-logo/PNG/._large_signet
assets/projects/suprams/gallery/Partner LOGO/vultr-all-assets/__MACOSX/vultr-all-assets/vultr-brand-logo/PNG/._logo__on-dark.png
assets/projects/suprams/gallery/Partner LOGO/vultr-all-assets/__MACOSX/vultr-all-assets/vultr-brand-logo/PNG/._logo__on-white.png
assets/projects/suprams/gallery/Partner LOGO/vultr-all-assets/__MACOSX/vultr-all-assets/vultr-brand-logo/PNG/._signet__on-dark-blue-bg.png
assets/projects/suprams/gallery/Partner LOGO/vultr-all-assets/__MACOSX/vultr-all-assets/vultr-brand-logo/PNG/._signet__on-dark.png
assets/projects/suprams/gallery/Partner LOGO/vultr-all-assets/__MACOSX/vultr-all-assets/vultr-brand-logo/PNG/._signet__on-white.png
assets/projects/suprams/gallery/Partner LOGO/vultr-all-assets/__MACOSX/vultr-all-assets/vultr-brand-logo/PNG/large_signet/._.DS_Store
assets/projects/suprams/gallery/Partner LOGO/vultr-all-assets/__MACOSX/vultr-all-assets/vultr-brand-logo/PNG/large_signet/._signet__on-dark-blue-bg.png
assets/projects/suprams/gallery/Partner LOGO/vultr-all-assets/__MACOSX/vultr-all-assets/vultr-brand-logo/PNG/large_signet/._signet__on-dark.png
assets/projects/suprams/gallery/Partner LOGO/vultr-all-assets/__MACOSX/vultr-all-assets/vultr-brand-logo/PNG/large_signet/._signet__on-white.png
assets/projects/suprams/gallery/Partner LOGO/vultr-all-assets/__MACOSX/vultr-all-assets/vultr-brand-logo/SVG/._.DS_Store
assets/projects/suprams/gallery/Partner LOGO/vultr-all-assets/__MACOSX/vultr-all-assets/vultr-brand-logo/SVG/._logo__on-dark.svg
assets/projects/suprams/gallery/Partner LOGO/vultr-all-assets/__MACOSX/vultr-all-assets/vultr-brand-logo/SVG/._logo__on-white.svg
assets/projects/suprams/gallery/Partner LOGO/vultr-all-assets/__MACOSX/vultr-all-assets/vultr-brand-logo/SVG/._signet__on-dark-blue-bg.svg
assets/projects/suprams/gallery/Partner LOGO/vultr-all-assets/__MACOSX/vultr-all-assets/vultr-brand-logo/SVG/._signet__on-dark.svg
assets/projects/suprams/gallery/Partner LOGO/vultr-all-assets/__MACOSX/vultr-all-assets/vultr-brand-logo/SVG/._signet__on-white.svg
assets/projects/suprams/gallery/Partner LOGO/vultr-all-assets/__MACOSX/vultr-all-assets/vultr-control-panel/._preview__account-desktop.png
assets/projects/suprams/gallery/Partner LOGO/vultr-all-assets/__MACOSX/vultr-all-assets/vultr-control-panel/._preview__dashboard-desktop.png
assets/projects/suprams/gallery/Partner LOGO/vultr-all-assets/__MACOSX/vultr-all-assets/vultr-control-panel/._preview__dashboard-mobile.png
assets/projects/suprams/gallery/Partner LOGO/vultr-all-assets/__MACOSX/vultr-all-assets/vultr-control-panel/._preview__deploy-desktop.png
assets/projects/suprams/gallery/Partner LOGO/vultr-all-assets/__MACOSX/vultr-all-assets/vultr-control-panel/._preview__manage-desktop.png
assets/projects/suprams/gallery/Partner LOGO/vultr-all-assets/vultr-all-assets/.DS_Store
assets/projects/suprams/gallery/Partner LOGO/vultr-all-assets/vultr-all-assets/Email Template (Tel Aviv example)/.DS_Store
assets/projects/suprams/gallery/Partner LOGO/vultr-all-assets/vultr-all-assets/Email Template (Tel Aviv example)/Fonts/MyriadPro-Regular.otf
assets/projects/suprams/gallery/Partner LOGO/vultr-all-assets/vultr-all-assets/Email Template (Tel Aviv example)/Links/VUL_EmailBanner-02.png
assets/projects/suprams/gallery/Partner LOGO/vultr-all-assets/vultr-all-assets/Email Template (Tel Aviv example)/VUL23-110_TelAviv_EmailTemplate_050223.png
assets/projects/suprams/gallery/Partner LOGO/vultr-all-assets/vultr-all-assets/Event Statics Template (Tel Aviv example)/.DS_Store
assets/projects/suprams/gallery/Partner LOGO/vultr-all-assets/vultr-all-assets/Event Statics Template (Tel Aviv example)/VUL23-110_TelAviv_Statics_050223-01.png
assets/projects/suprams/gallery/Partner LOGO/vultr-all-assets/vultr-all-assets/Event Statics Template (Tel Aviv example)/VUL23-110_TelAviv_Statics_050223-02.png
assets/projects/suprams/gallery/Partner LOGO/vultr-all-assets/vultr-all-assets/Event Statics Template (Tel Aviv example)/VUL23-110_TelAviv_Statics_050223-03.png
assets/projects/suprams/gallery/Partner LOGO/vultr-all-assets/vultr-all-assets/Event Statics Template (Tel Aviv example)/VUL23-110_TelAviv_Statics_050223-04.png
assets/projects/suprams/gallery/Partner LOGO/vultr-all-assets/vultr-all-assets/Event Statics Template (Tel Aviv example)/VUL23-110_TelAviv_Statics_050223-05.png
assets/projects/suprams/gallery/Partner LOGO/vultr-all-assets/vultr-all-assets/Event Statics Template (Tel Aviv example)/VUL23-110_TelAviv_Statics_050223-06.png
assets/projects/suprams/gallery/Partner LOGO/vultr-all-assets/vultr-all-assets/Offer Ad Template/.DS_Store
assets/projects/suprams/gallery/Partner LOGO/vultr-all-assets/vultr-all-assets/Offer Ad Template/VUL23-105_OfferUpdate_021223_1-1200x628.png
assets/projects/suprams/gallery/Partner LOGO/vultr-all-assets/vultr-all-assets/Offer Ad Template/VUL23-105_OfferUpdate_021223_1-160x300.png
assets/projects/suprams/gallery/Partner LOGO/vultr-all-assets/vultr-all-assets/Offer Ad Template/VUL23-105_OfferUpdate_021223_1-300x250.png
assets/projects/suprams/gallery/Partner LOGO/vultr-all-assets/vultr-all-assets/Offer Ad Template/VUL23-105_OfferUpdate_021223_1-300x300.png
assets/projects/suprams/gallery/Partner LOGO/vultr-all-assets/vultr-all-assets/Offer Ad Template/VUL23-105_OfferUpdate_021223_1-300x50.png
assets/projects/suprams/gallery/Partner LOGO/vultr-all-assets/vultr-all-assets/Offer Ad Template/VUL23-105_OfferUpdate_021223_1-300x600.png
assets/projects/suprams/gallery/Partner LOGO/vultr-all-assets/vultr-all-assets/Offer Ad Template/VUL23-105_OfferUpdate_021223_1-728x90.png
assets/projects/suprams/gallery/Partner LOGO/vultr-all-assets/vultr-all-assets/Offer Ad Template/VUL23-105_OfferUpdate_021223_1-960x1200.png
assets/projects/suprams/gallery/Partner LOGO/vultr-all-assets/vultr-all-assets/Offer Ad Template/VUL23-105_OfferUpdate_021223_2-1200x628.png
assets/projects/suprams/gallery/Partner LOGO/vultr-all-assets/vultr-all-assets/Offer Ad Template/VUL23-105_OfferUpdate_021223_2-160x300.png
assets/projects/suprams/gallery/Partner LOGO/vultr-all-assets/vultr-all-assets/Offer Ad Template/VUL23-105_OfferUpdate_021223_2-300x250.png
assets/projects/suprams/gallery/Partner LOGO/vultr-all-assets/vultr-all-assets/Offer Ad Template/VUL23-105_OfferUpdate_021223_2-300x300.png
assets/projects/suprams/gallery/Partner LOGO/vultr-all-assets/vultr-all-assets/Offer Ad Template/VUL23-105_OfferUpdate_021223_2-300x50.png
assets/projects/suprams/gallery/Partner LOGO/vultr-all-assets/vultr-all-assets/Offer Ad Template/VUL23-105_OfferUpdate_021223_2-300x600.png
assets/projects/suprams/gallery/Partner LOGO/vultr-all-assets/vultr-all-assets/Offer Ad Template/VUL23-105_OfferUpdate_021223_2-728x90.png
assets/projects/suprams/gallery/Partner LOGO/vultr-all-assets/vultr-all-assets/Offer Ad Template/VUL23-105_OfferUpdate_021223_2-960x1200.png
assets/projects/suprams/gallery/Partner LOGO/vultr-all-assets/vultr-all-assets/Social Ad Template (DBaaS example)/.DS_Store
assets/projects/suprams/gallery/Partner LOGO/vultr-all-assets/vultr-all-assets/Social Ad Template (DBaaS example)/VUL23-105_DBaasUpdate_021623_1-1080x1080.png
assets/projects/suprams/gallery/Partner LOGO/vultr-all-assets/vultr-all-assets/Social Ad Template (DBaaS example)/VUL23-105_DBaasUpdate_021623_1-1080x1350.png
assets/projects/suprams/gallery/Partner LOGO/vultr-all-assets/vultr-all-assets/Social Ad Template (DBaaS example)/VUL23-105_DBaasUpdate_021623_1-1200x628.png
assets/projects/suprams/gallery/Partner LOGO/vultr-all-assets/vultr-all-assets/Social Ad Template (DBaaS example)/VUL23-105_DBaasUpdate_021623_1-320x250.png
assets/projects/suprams/gallery/Partner LOGO/vultr-all-assets/vultr-all-assets/Social Ad Template (DBaaS example)/VUL23-105_DBaasUpdate_021623_1-320x50.png
assets/projects/suprams/gallery/Partner LOGO/vultr-all-assets/vultr-all-assets/Social Ad Template (DBaaS example)/VUL23-105_DBaasUpdate_021623_1-480x320.png
assets/projects/suprams/gallery/Partner LOGO/vultr-all-assets/vultr-all-assets/Social Ad Template (DBaaS example)/VUL23-105_DBaasUpdate_021623_1-600x250.png
assets/projects/suprams/gallery/Partner LOGO/vultr-all-assets/vultr-all-assets/Social Ad Template (DBaaS example)/VUL23-105_DBaasUpdate_021623_2-1080x1080.png
assets/projects/suprams/gallery/Partner LOGO/vultr-all-assets/vultr-all-assets/Social Ad Template (DBaaS example)/VUL23-105_DBaasUpdate_021623_2-1080x1350.png
assets/projects/suprams/gallery/Partner LOGO/vultr-all-assets/vultr-all-assets/Social Ad Template (DBaaS example)/VUL23-105_DBaasUpdate_021623_2-1200x628.png
assets/projects/suprams/gallery/Partner LOGO/vultr-all-assets/vultr-all-assets/Social Ad Template (DBaaS example)/VUL23-105_DBaasUpdate_021623_2-320x250.png
assets/projects/suprams/gallery/Partner LOGO/vultr-all-assets/vultr-all-assets/Social Ad Template (DBaaS example)/VUL23-105_DBaasUpdate_021623_2-320x50.png
assets/projects/suprams/gallery/Partner LOGO/vultr-all-assets/vultr-all-assets/Social Ad Template (DBaaS example)/VUL23-105_DBaasUpdate_021623_2-480x320.png
assets/projects/suprams/gallery/Partner LOGO/vultr-all-assets/vultr-all-assets/Social Ad Template (DBaaS example)/VUL23-105_DBaasUpdate_021623_2-600x250.png
assets/projects/suprams/gallery/Partner LOGO/vultr-all-assets/vultr-all-assets/Social Ad Template (DBaaS example)/VUL23-105_DBaasUpdate_021623_3-1080x1080.png
assets/projects/suprams/gallery/Partner LOGO/vultr-all-assets/vultr-all-assets/Social Ad Template (DBaaS example)/VUL23-105_DBaasUpdate_021623_3-1080x1350.png
assets/projects/suprams/gallery/Partner LOGO/vultr-all-assets/vultr-all-assets/Social Ad Template (DBaaS example)/VUL23-105_DBaasUpdate_021623_3-1200x628.png
assets/projects/suprams/gallery/Partner LOGO/vultr-all-assets/vultr-all-assets/Social Ad Template (DBaaS example)/VUL23-105_DBaasUpdate_021623_3-320x250.png
assets/projects/suprams/gallery/Partner LOGO/vultr-all-assets/vultr-all-assets/Social Ad Template (DBaaS example)/VUL23-105_DBaasUpdate_021623_3-320x50.png
assets/projects/suprams/gallery/Partner LOGO/vultr-all-assets/vultr-all-assets/Social Ad Template (DBaaS example)/VUL23-105_DBaasUpdate_021623_3-480x320.png
assets/projects/suprams/gallery/Partner LOGO/vultr-all-assets/vultr-all-assets/Social Ad Template (DBaaS example)/VUL23-105_DBaasUpdate_021623_3-600x250.png
assets/projects/suprams/gallery/Partner LOGO/vultr-all-assets/vultr-all-assets/Social Ad Template 2 (GPU BOF example)/.DS_Store
assets/projects/suprams/gallery/Partner LOGO/vultr-all-assets/vultr-all-assets/Social Ad Template 2 (GPU BOF example)/VUL23-107_GPU_BoF_Ads_030623_180x150-07.png
assets/projects/suprams/gallery/Partner LOGO/vultr-all-assets/vultr-all-assets/Social Ad Template 2 (GPU BOF example)/VUL23-107_GPU_BoF_Ads_030623_180x150-15.png
assets/projects/suprams/gallery/Partner LOGO/vultr-all-assets/vultr-all-assets/Social Ad Template 2 (GPU BOF example)/VUL23-107_GPU_BoF_Ads_030623_200x200-05.png
assets/projects/suprams/gallery/Partner LOGO/vultr-all-assets/vultr-all-assets/Social Ad Template 2 (GPU BOF example)/VUL23-107_GPU_BoF_Ads_030623_200x200-13.png
assets/projects/suprams/gallery/Partner LOGO/vultr-all-assets/vultr-all-assets/Social Ad Template 2 (GPU BOF example)/VUL23-107_GPU_BoF_Ads_030623_250x250-06.png
assets/projects/suprams/gallery/Partner LOGO/vultr-all-assets/vultr-all-assets/Social Ad Template 2 (GPU BOF example)/VUL23-107_GPU_BoF_Ads_030623_250x250-14.png
assets/projects/suprams/gallery/Partner LOGO/vultr-all-assets/vultr-all-assets/Social Ad Template 2 (GPU BOF example)/VUL23-107_GPU_BoF_Ads_030623_336x280-04.png
assets/projects/suprams/gallery/Partner LOGO/vultr-all-assets/vultr-all-assets/Social Ad Template 2 (GPU BOF example)/VUL23-107_GPU_BoF_Ads_030623_336x280-12.png
assets/projects/suprams/gallery/Partner LOGO/vultr-all-assets/vultr-all-assets/Social Ad Template 2 (GPU BOF example)/VUL23-107_GPU_BoF_Ads_030623_400x80-01.png
assets/projects/suprams/gallery/Partner LOGO/vultr-all-assets/vultr-all-assets/Social Ad Template 2 (GPU BOF example)/VUL23-107_GPU_BoF_Ads_030623_400x80-09.png
assets/projects/suprams/gallery/Partner LOGO/vultr-all-assets/vultr-all-assets/Social Ad Template 2 (GPU BOF example)/VUL23-107_GPU_BoF_Ads_030623_468x60-03.png
assets/projects/suprams/gallery/Partner LOGO/vultr-all-assets/vultr-all-assets/Social Ad Template 2 (GPU BOF example)/VUL23-107_GPU_BoF_Ads_030623_468x60-11.png
assets/projects/suprams/gallery/Partner LOGO/vultr-all-assets/vultr-all-assets/Social Ad Template 2 (GPU BOF example)/VUL23-107_GPU_BoF_Ads_030623_500x100-02.png
assets/projects/suprams/gallery/Partner LOGO/vultr-all-assets/vultr-all-assets/Social Ad Template 2 (GPU BOF example)/VUL23-107_GPU_BoF_Ads_030623_500x100-10.png
assets/projects/suprams/gallery/Partner LOGO/vultr-all-assets/vultr-all-assets/Social Ad Template 2 (GPU BOF example)/VUL23-107_GPU_BoF_Ads_030623_800x800-08.png
assets/projects/suprams/gallery/Partner LOGO/vultr-all-assets/vultr-all-assets/Social Ad Template 2 (GPU BOF example)/VUL23-107_GPU_BoF_Ads_030623_800x800-16.png
assets/projects/suprams/gallery/Partner LOGO/vultr-all-assets/vultr-all-assets/vultr-brand-book.pdf
assets/projects/suprams/gallery/Partner LOGO/vultr-all-assets/vultr-all-assets/vultr-brand-logo/.DS_Store
assets/projects/suprams/gallery/Partner LOGO/vultr-all-assets/vultr-all-assets/vultr-brand-logo/AI/.DS_Store
assets/projects/suprams/gallery/Partner LOGO/vultr-all-assets/vultr-all-assets/vultr-brand-logo/PNG/.DS_Store
assets/projects/suprams/gallery/Partner LOGO/vultr-all-assets/vultr-all-assets/vultr-brand-logo/PNG/large_signet/.DS_Store
assets/projects/suprams/gallery/Partner LOGO/vultr-all-assets/vultr-all-assets/vultr-brand-logo/PNG/large_signet/signet__on-dark-blue-bg.png
assets/projects/suprams/gallery/Partner LOGO/vultr-all-assets/vultr-all-assets/vultr-brand-logo/PNG/large_signet/signet__on-dark.png
assets/projects/suprams/gallery/Partner LOGO/vultr-all-assets/vultr-all-assets/vultr-brand-logo/PNG/large_signet/signet__on-white.png
assets/projects/suprams/gallery/Partner LOGO/vultr-all-assets/vultr-all-assets/vultr-brand-logo/PNG/logo__on-dark.png
assets/projects/suprams/gallery/Partner LOGO/vultr-all-assets/vultr-all-assets/vultr-brand-logo/PNG/logo__on-white.png
assets/projects/suprams/gallery/Partner LOGO/vultr-all-assets/vultr-all-assets/vultr-brand-logo/PNG/signet__on-dark-blue-bg.png
assets/projects/suprams/gallery/Partner LOGO/vultr-all-assets/vultr-all-assets/vultr-brand-logo/PNG/signet__on-dark.png
assets/projects/suprams/gallery/Partner LOGO/vultr-all-assets/vultr-all-assets/vultr-brand-logo/PNG/signet__on-white.png
assets/projects/suprams/gallery/Partner LOGO/vultr-all-assets/vultr-all-assets/vultr-brand-logo/SVG/.DS_Store
assets/projects/suprams/gallery/Partner LOGO/vultr-all-assets/vultr-all-assets/vultr-brand-logo/SVG/logo__on-dark.svg
assets/projects/suprams/gallery/Partner LOGO/vultr-all-assets/vultr-all-assets/vultr-brand-logo/SVG/logo__on-white.svg
assets/projects/suprams/gallery/Partner LOGO/vultr-all-assets/vultr-all-assets/vultr-brand-logo/SVG/signet__on-dark-blue-bg.svg
assets/projects/suprams/gallery/Partner LOGO/vultr-all-assets/vultr-all-assets/vultr-brand-logo/SVG/signet__on-dark.svg
assets/projects/suprams/gallery/Partner LOGO/vultr-all-assets/vultr-all-assets/vultr-brand-logo/SVG/signet__on-white.svg
assets/projects/suprams/gallery/Partner LOGO/vultr-all-assets/vultr-all-assets/vultr-control-panel/preview__account-desktop.png
assets/projects/suprams/gallery/Partner LOGO/vultr-all-assets/vultr-all-assets/vultr-control-panel/preview__dashboard-desktop.png
assets/projects/suprams/gallery/Partner LOGO/vultr-all-assets/vultr-all-assets/vultr-control-panel/preview__dashboard-mobile.png
assets/projects/suprams/gallery/Partner LOGO/vultr-all-assets/vultr-all-assets/vultr-control-panel/preview__deploy-desktop.png
assets/projects/suprams/gallery/Partner LOGO/vultr-all-assets/vultr-all-assets/vultr-control-panel/preview__manage-desktop.png
assets/projects/suprams/gallery/Partner LOGO/wasabi-primary.png
assets/projects/suprams/gallery/Preeti G Sharma 02.png
assets/projects/suprams/gallery/Preeti G Sharma.png
assets/projects/suprams/gallery/SEO Flyer.png
assets/projects/suprams/gallery/Sai Agritech/BROUCHER 02.png
assets/projects/suprams/gallery/Sai Agritech/Back.png
assets/projects/suprams/gallery/Sai Agritech/PAGE 01.png
assets/projects/suprams/gallery/Sai Agritech/PAGE 02.png
assets/projects/suprams/gallery/Sai Agritech/PAGE 03.png
assets/projects/suprams/gallery/Sai Agritech/PAGE 04.png
assets/projects/suprams/gallery/Sai Agritech/Sai Agritech CARD 2.png
assets/projects/suprams/gallery/Sai Agritech/Sai Agritech CARD 3.png
assets/projects/suprams/gallery/Sai Agritech/front.png
assets/projects/suprams/gallery/Shree Organic agro.png
assets/projects/suprams/gallery/Suprams (2).png
assets/projects/suprams/gallery/Suprams (3).png
assets/projects/suprams/gallery/Suprams (4).png
assets/projects/suprams/gallery/Suprams (5).png
assets/projects/suprams/gallery/Suprams (6).png
assets/projects/suprams/gallery/Suprams (7).png
assets/projects/suprams/gallery/Suprams 3 Premium AI Tools/1.png
assets/projects/suprams/gallery/Suprams 3 Premium AI Tools/2.png
assets/projects/suprams/gallery/Suprams 3 Premium AI Tools/3.png
assets/projects/suprams/gallery/Suprams 3 Premium AI Tools/4.png
assets/projects/suprams/gallery/Suprams 3 Premium AI Tools/5.png
assets/projects/suprams/gallery/Suprams Broucher Add Updated.pdf
assets/projects/suprams/gallery/Suprams Development Services Flyer.png
assets/projects/suprams/gallery/Suprams Hardware Whatsapp.png
assets/projects/suprams/gallery/Suprams IT Hardware and Services Flyer02.png
assets/projects/suprams/gallery/Suprams Internal Whatsapp.png
assets/projects/suprams/gallery/Suprams Post/Acer Chromebook 314.png
assets/projects/suprams/gallery/Suprams Post/Acronis Post.png
assets/projects/suprams/gallery/Suprams Post/All.png
assets/projects/suprams/gallery/Suprams Post/Ambedkar jaynti.png
assets/projects/suprams/gallery/Suprams Post/Aruba - Wireless Access Point.png
assets/projects/suprams/gallery/Suprams Post/Aruba Insta On.png
assets/projects/suprams/gallery/Suprams Post/Atal Vihari Vajpeya.png
assets/projects/suprams/gallery/Suprams Post/Avast Premium Security..png
assets/projects/suprams/gallery/Suprams Post/BD INTERNSHIP 3 MONTH.png
assets/projects/suprams/gallery/Suprams Post/Bitdefender Garvity.png
assets/projects/suprams/gallery/Suprams Post/Bitdefender post 02.png
assets/projects/suprams/gallery/Suprams Post/Bitdefender post.png
assets/projects/suprams/gallery/Suprams Post/Business Development.png
assets/projects/suprams/gallery/Suprams Post/Cisco Network Security Solutions.png
assets/projects/suprams/gallery/Suprams Post/Clinic MGT 25% Portrait.png
assets/projects/suprams/gallery/Suprams Post/Clinic MGT 25%.png
assets/projects/suprams/gallery/Suprams Post/Cloud Backup Solutions.png
assets/projects/suprams/gallery/Suprams Post/Cloud Hosting Services.png
assets/projects/suprams/gallery/Suprams Post/Cloud Hosting Services_.png
assets/projects/suprams/gallery/Suprams Post/Cloud Service EDm.png
assets/projects/suprams/gallery/Suprams Post/Cloud Solutions 02_Mesa de trabajo 1.png
assets/projects/suprams/gallery/Suprams Post/Cloud Solutions-01.png
assets/projects/suprams/gallery/Suprams Post/College MGT new Year.png
assets/projects/suprams/gallery/Suprams Post/College Management Software 2.png
assets/projects/suprams/gallery/Suprams Post/College Management Software.png
assets/projects/suprams/gallery/Suprams Post/Commvault® Cloud V2.png
assets/projects/suprams/gallery/Suprams Post/Commvault® Cloud.png
assets/projects/suprams/gallery/Suprams Post/Content Writing Services.png
assets/projects/suprams/gallery/Suprams Post/DLP.png
assets/projects/suprams/gallery/Suprams Post/Dell EMC Storage Solutions.png
assets/projects/suprams/gallery/Suprams Post/Dell Mobile Precision 3591 Flyer 01.png
assets/projects/suprams/gallery/Suprams Post/Dell Precision 3680 Tower 02.png
assets/projects/suprams/gallery/Suprams Post/Dell poweredge post.png
assets/projects/suprams/gallery/Suprams Post/Digital marketing 02.png
assets/projects/suprams/gallery/Suprams Post/Digital marketing.png
assets/projects/suprams/gallery/Suprams Post/Druva Data Resiliency Cloud.png
assets/projects/suprams/gallery/Suprams Post/EDM IT College 01.png
assets/projects/suprams/gallery/Suprams Post/EDM IT College 02.png
assets/projects/suprams/gallery/Suprams Post/EDM IT College 03.png
assets/projects/suprams/gallery/Suprams Post/EDM IT HARDWARE.png
assets/projects/suprams/gallery/Suprams Post/ESET Endpoint Security.png
assets/projects/suprams/gallery/Suprams Post/Ecommerce devlopment services.png
assets/projects/suprams/gallery/Suprams Post/Elevate your career with a (1).png
assets/projects/suprams/gallery/Suprams Post/Elevate your career with a.png
assets/projects/suprams/gallery/Suprams Post/Empowering Education Through Technology - Suprams Info Solutions.png
assets/projects/suprams/gallery/Suprams Post/End Point Security 02.png
assets/projects/suprams/gallery/Suprams Post/End Point Security portrait.png
assets/projects/suprams/gallery/Suprams Post/End Point Security.png
assets/projects/suprams/gallery/Suprams Post/Fortinet Firewalls.png
assets/projects/suprams/gallery/Suprams Post/Google Workspace.png
assets/projects/suprams/gallery/Suprams Post/Graphic Design.png
assets/projects/suprams/gallery/Suprams Post/Guru Gobind Singh jayanti.png
assets/projects/suprams/gallery/Suprams Post/HAPPY CHHATRAPATI SHIVAJI MAHARAJ JAYANTI.png
assets/projects/suprams/gallery/Suprams Post/HP ALL PRODUCTS.png
assets/projects/suprams/gallery/Suprams Post/HP printer.png
assets/projects/suprams/gallery/Suprams Post/HPE Aruba switches.png
assets/projects/suprams/gallery/Suprams Post/Happy Maha Shivratri 0.png
assets/projects/suprams/gallery/Suprams Post/Happy Maha Shivratri.png
assets/projects/suprams/gallery/Suprams Post/Hospital Management 1080p.png
assets/projects/suprams/gallery/Suprams Post/Hospital Management.png
assets/projects/suprams/gallery/Suprams Post/Hosptal MGT New year.png
assets/projects/suprams/gallery/Suprams Post/IT Asset MGT.png
assets/projects/suprams/gallery/Suprams Post/IT Software Post 1080x1350.png
assets/projects/suprams/gallery/Suprams Post/Independence day sale IT HARDWARE.png
assets/projects/suprams/gallery/Suprams Post/Intel 12th Gen offer 01.png
assets/projects/suprams/gallery/Suprams Post/Intel 12th Gen offer 02.png
assets/projects/suprams/gallery/Suprams Post/Intel 12th Gen offer.png
assets/projects/suprams/gallery/Suprams Post/It Hardware Service Flyer 1080x1350.png
assets/projects/suprams/gallery/Suprams Post/K7 Total Security 2.png
assets/projects/suprams/gallery/Suprams Post/K7 Total Security.png
assets/projects/suprams/gallery/Suprams Post/Kaspersky For Business.png
assets/projects/suprams/gallery/Suprams Post/Laptop deals.png
assets/projects/suprams/gallery/Suprams Post/Lenovo ThinkServer.png
assets/projects/suprams/gallery/Suprams Post/Lohri Festival 2024.png
assets/projects/suprams/gallery/Suprams Post/MIcrosoft 365 post.png
assets/projects/suprams/gallery/Suprams Post/MIcrosoft office all product post.png
assets/projects/suprams/gallery/Suprams Post/MOBILE APP development service.png
assets/projects/suprams/gallery/Suprams Post/Maharishi Dayanand saraswati jayanti.png
assets/projects/suprams/gallery/Suprams Post/Makar sankranti.png
assets/projects/suprams/gallery/Suprams Post/Memes for Suprams.png
assets/projects/suprams/gallery/Suprams Post/Microsoft 365 freedome sale.png
assets/projects/suprams/gallery/Suprams Post/Microsoft 365.png
assets/projects/suprams/gallery/Suprams Post/Microsoft Dynamics 365 Business Central.png
assets/projects/suprams/gallery/Suprams Post/Microsoft Is your business ready for AI.png
assets/projects/suprams/gallery/Suprams Post/Net gear NAS.png
assets/projects/suprams/gallery/Suprams Post/Netgear Post.png
assets/projects/suprams/gallery/Suprams Post/New Year Discount .png
assets/projects/suprams/gallery/Suprams Post/New Year Discount Portrait.png
assets/projects/suprams/gallery/Suprams Post/New Year portrait.png
assets/projects/suprams/gallery/Suprams Post/Our Services.png
assets/projects/suprams/gallery/Suprams Post/Paloalto PA 400 Serise.png
assets/projects/suprams/gallery/Suprams Post/QR Based Mane=agement.png
assets/projects/suprams/gallery/Suprams Post/REMOTE TOOLS.png
assets/projects/suprams/gallery/Suprams Post/Rakhi sale 01.png
assets/projects/suprams/gallery/Suprams Post/Rakhi sale 02_Mesa de trabajo 1.png
assets/projects/suprams/gallery/Suprams Post/Rakhi sale 03-01.png
assets/projects/suprams/gallery/Suprams Post/Ram mandir ayodhya.png
assets/projects/suprams/gallery/Suprams Post/Ram navami.png
assets/projects/suprams/gallery/Suprams Post/Ruckus Product pass.png
assets/projects/suprams/gallery/Suprams Post/SUPRAMS Ganesh.png
assets/projects/suprams/gallery/Suprams Post/School MGT 25% Discount 01.png
assets/projects/suprams/gallery/Suprams Post/School MGT 25% Discount 02.png
assets/projects/suprams/gallery/Suprams Post/School MGT 25% Discount 03.png
assets/projects/suprams/gallery/Suprams Post/School MGT 25% Discount.png
assets/projects/suprams/gallery/Suprams Post/Shop MGT New year.png
assets/projects/suprams/gallery/Suprams Post/Shop Managent Software portrait.png
assets/projects/suprams/gallery/Suprams Post/Shop Managent Software.png
assets/projects/suprams/gallery/Suprams Post/Sonicwall TZ serise Firewall 800p x 360p.png
assets/projects/suprams/gallery/Suprams Post/Sonicwall TZ serise Firewall.png
assets/projects/suprams/gallery/Suprams Post/Sophos Intercept X Endpoint Security.png
assets/projects/suprams/gallery/Suprams Post/Sophos Xstream Architecture.png
assets/projects/suprams/gallery/Suprams Post/Storage Solutions 01.png
assets/projects/suprams/gallery/Suprams Post/Storage Solutions 02.png
assets/projects/suprams/gallery/Suprams Post/Stress-Free Website Management.png
assets/projects/suprams/gallery/Suprams Post/Suprams - Cyber security Solutions.png
assets/projects/suprams/gallery/Suprams Post/Suprams - Grow Your Business.png
assets/projects/suprams/gallery/Suprams Post/Suprams 2 Months Internship program.png
assets/projects/suprams/gallery/Suprams Post/Suprams 26 Jan.png
assets/projects/suprams/gallery/Suprams Post/Suprams Christmas EDM.png
assets/projects/suprams/gallery/Suprams Post/Suprams Eid al-Fitr.png
assets/projects/suprams/gallery/Suprams Post/Suprams Firewall EDM.png
assets/projects/suprams/gallery/Suprams Post/Suprams Firewall.png
assets/projects/suprams/gallery/Suprams Post/Suprams Google.png
assets/projects/suprams/gallery/Suprams Post/Suprams HDD & SSD.png
assets/projects/suprams/gallery/Suprams Post/Suprams HMS.png
assets/projects/suprams/gallery/Suprams Post/Suprams Hanuman Jayanti.png
assets/projects/suprams/gallery/Suprams Post/Suprams Happy New Financial Year.png
assets/projects/suprams/gallery/Suprams Post/Suprams IT Consultancy service provider.png
assets/projects/suprams/gallery/Suprams Post/Suprams Info Solutions - Now Powered by AWS.png
assets/projects/suprams/gallery/Suprams Post/Suprams Info Solutions Holi.png
assets/projects/suprams/gallery/Suprams Post/Suprams Krishna Janmastami.png
assets/projects/suprams/gallery/Suprams Post/Suprams MANAGEMENT SOFTWARE.png
assets/projects/suprams/gallery/Suprams Post/Suprams Main Flyer post 1080x1350.png
assets/projects/suprams/gallery/Suprams Post/Suprams Motivational Quotes 01.png
assets/projects/suprams/gallery/Suprams Post/Suprams Motivational Quotes 02.png
assets/projects/suprams/gallery/Suprams Post/Suprams Motivational Quotes 03.png
assets/projects/suprams/gallery/Suprams Post/Suprams Motivational Quotes 04.png
assets/projects/suprams/gallery/Suprams Post/Suprams Navratri.png
assets/projects/suprams/gallery/Suprams Post/Suprams New Year Wish.png
assets/projects/suprams/gallery/Suprams Post/Suprams Software development old.png
assets/projects/suprams/gallery/Suprams Post/Suprams Teachers Day.png
assets/projects/suprams/gallery/Suprams Post/Suprams post 01.png
assets/projects/suprams/gallery/Suprams Post/Suprams post.png
assets/projects/suprams/gallery/Suprams Post/Suprams software development.png
assets/projects/suprams/gallery/Suprams Post/Suprams.png
assets/projects/suprams/gallery/Suprams Post/Synology Flash Station.png
assets/projects/suprams/gallery/Suprams Post/Synology Rackmount Solutions.png
assets/projects/suprams/gallery/Suprams Post/Ticketing Tool.png
assets/projects/suprams/gallery/Suprams Post/Trend Micro Endpoint Security with Apex One.png
assets/projects/suprams/gallery/Suprams Post/Trend Micro Maximum Security.png
assets/projects/suprams/gallery/Suprams Post/Trend Micro Worry-Free Services Suites.png
assets/projects/suprams/gallery/Suprams Post/Vasant Panchami.png
assets/projects/suprams/gallery/Suprams Post/Veeam Backup solutions.png
assets/projects/suprams/gallery/Suprams Post/Veeam Data Cloud.jpg
assets/projects/suprams/gallery/Suprams Post/Veeam Data Cloud.png
assets/projects/suprams/gallery/Suprams Post/Veritas Alta.png
assets/projects/suprams/gallery/Suprams Post/Vultr Cloud.png
assets/projects/suprams/gallery/Suprams Post/Warehouse Management Software 2.png
assets/projects/suprams/gallery/Suprams Post/Warehouse Management Software.png
assets/projects/suprams/gallery/Suprams Post/Wasabi CLoud Storage.png
assets/projects/suprams/gallery/Suprams Post/Website design 4999Rs.png
assets/projects/suprams/gallery/Suprams Post/Wesite Build.png
assets/projects/suprams/gallery/Suprams Post/Woman's Day.png
assets/projects/suprams/gallery/Suprams Post/cloud hosting offer.png
assets/projects/suprams/gallery/Suprams Post/happy INDEPENDENCE day IT.png
assets/projects/suprams/gallery/Suprams Post/happy independence day EDM.png
assets/projects/suprams/gallery/Suprams Post/sophos endpoint security.png
assets/projects/suprams/gallery/Suprams Post/valmiki jayanti 02.png
assets/projects/suprams/gallery/Suprams Post/web devlopment.png
assets/projects/suprams/gallery/Suprams Post/yoga post.png
assets/projects/suprams/gallery/Suprams Services Flyer.png
assets/projects/suprams/gallery/Suprams Services Flyer03.png
assets/projects/suprams/gallery/Suprams Software Whatsapp.png
assets/projects/suprams/gallery/Suprams Trifold Broucher - Outside.png
assets/projects/suprams/gallery/Suprams Trifold Broucher - inside.png
assets/projects/suprams/gallery/Teq Blog/Top 5 Laptops for Programmers in 2024 Thumbnail.jpg
assets/projects/suprams/gallery/Video 1.png
assets/projects/suprams/gallery/Video 2.png
assets/projects/suprams/gallery/internal services.png
assets/projects/suprams/gallery/microsoft plans carousal 01.png
assets/projects/suprams/gallery/microsoft plans carousal 02.png
assets/projects/suprams/gallery/microsoft plans carousal 03.png
assets/projects/suprams/gallery/microsoft plans carousal 04.png
